Account_Length,Area_Code,International_Plan,VMail_Plan,VMail_Message,Day_Mins,Day_Calls,Day_Charge,Eve_Mins,Eve_Calls,Eve_Charge,Night_Mins,Night_Calls,Night_Charge,International_Mins,International_Calls,International_Charge,CustServ_Calls,actual_churn,churn_risk_score,CHURN_FLAG
18,408,0,0,0,197.0,97,33.49,203.7,107,17.31,202.0,105,9.09,8.7,3,2.35,3,0,0.004655293,NO
70,415,0,0,0,230.3,110,39.15,77.9,87,6.62,247.1,105,11.12,13.2,4,3.56,1,0,0.0006952225,NO
95,510,0,0,0,174.0,57,29.58,281.1,118,23.89,197.2,94,8.87,9.7,2,2.62,0,0,9.796274e-05,NO
111,415,0,0,0,110.4,103,18.77,137.3,102,11.67,189.6,105,8.53,7.7,6,2.08,2,0,0.0071551157,NO
93,415,0,1,42,152.3,90,25.89,267.5,102,22.74,266.9,130,12.01,11.3,5,3.05,7,0,0.02615042,NO
56,408,0,0,0,197.0,110,33.49,222.8,102,18.94,225.3,91,10.14,10.6,6,2.86,2,0,0.01377705,NO
131,510,0,0,0,153.4,86,26.08,198.5,81,16.87,164.4,83,7.4,10.4,3,2.81,0,0,0.007372718,NO
12,408,0,0,0,249.6,118,42.43,252.4,119,21.45,280.2,90,12.61,11.8,3,3.19,1,1,0.9794149,YES
110,510,0,0,0,129.5,94,22.02,92.6,96,7.87,154.3,110,6.94,9.9,5,2.67,3,0,0.0008676771,NO
165,510,0,0,0,209.4,67,35.6,273.8,89,23.27,150.2,88,6.76,12.8,1,3.46,0,0,0.0037588996,NO
134,408,0,0,0,177.2,91,30.12,228.7,105,19.44,194.3,113,8.74,8.9,3,2.4,2,0,0.005548191,NO
98,510,0,1,21,161.2,114,27.4,252.2,83,21.44,160.2,92,7.21,4.4,8,1.19,4,0,0.0023780547,NO
197,415,0,0,0,233.9,96,39.76,218.9,111,18.61,182.9,109,8.23,9.5,3,2.57,0,0,0.016829751,NO
89,408,0,0,0,197.1,110,33.51,165.9,115,14.1,227.3,106,10.23,12.8,3,3.46,1,0,0.0006333001,NO
108,408,1,0,0,115.1,114,19.57,211.3,70,17.96,136.1,85,6.12,13.8,3,3.73,2,1,0.9976374,YES
52,408,0,0,0,217.0,104,36.89,152.3,83,12.95,134.3,109,6.04,11.8,4,3.19,2,0,0.000242059,NO
67,415,1,0,0,120.9,58,20.55,235.0,88,19.98,95.1,130,4.28,11.4,11,3.08,2,0,0.0002873665,NO
3,510,0,0,0,125.5,100,21.34,266.2,78,22.63,270.4,119,12.17,5.9,6,1.59,3,1,0.008166554,NO
85,415,0,0,0,116.9,75,19.87,183.3,109,15.58,307.4,119,13.83,10.0,8,2.7,2,0,0.04915298,NO
123,415,0,0,0,132.6,100,22.54,198.8,102,16.9,168.9,105,7.6,0.0,0,0.0,1,0,0.002358653,NO
105,510,0,0,0,246.4,83,41.89,256.2,101,21.78,169.0,151,7.61,3.8,4,1.03,0,0,0.11774098,NO
68,415,0,0,0,231.1,57,39.29,153.4,55,13.04,191.3,123,8.61,9.6,4,2.59,3,0,0.0005334853,NO
141,408,0,0,0,83.2,74,14.14,190.6,104,16.2,150.5,79,6.77,10.7,7,2.89,1,0,0.01288429,NO
86,415,0,1,38,123.0,158,20.91,133.9,119,11.38,138.2,103,6.22,13.3,4,3.59,1,0,0.0025086245,NO
44,510,0,0,0,143.2,77,24.34,169.8,114,14.43,215.8,77,9.71,7.6,4,2.05,1,0,0.04010831,NO
92,510,0,1,29,155.4,110,26.42,188.5,104,16.02,254.9,118,11.47,8.0,4,2.16,3,0,0.037065748,NO
165,415,0,0,0,207.7,109,35.31,164.8,94,14.01,54.5,91,2.45,7.9,3,2.13,0,0,0.0039848243,NO
113,415,0,0,0,239.7,47,40.75,282.9,110,24.05,238.4,88,10.73,8.7,3,2.35,2,1,0.9871082,YES
138,415,0,0,0,216.0,106,36.72,207.6,110,17.65,180.0,102,8.1,11.2,4,3.02,0,0,0.039326314,NO
108,415,0,1,15,196.8,79,33.46,173.5,99,14.75,274.7,108,12.36,14.6,5,3.94,1,0,0.0019505157,NO
184,408,0,1,12,200.3,76,34.05,253.6,105,21.56,149.3,93,6.72,10.2,5,2.75,0,0,0.0036632542,NO
120,408,0,1,26,239.4,94,40.7,259.4,88,22.05,238.0,132,10.71,7.7,3,2.08,0,0,0.005751054,NO
57,408,0,1,39,213.0,115,36.21,191.1,112,16.24,182.7,115,8.22,9.5,3,2.57,0,0,0.0018832219,NO
144,415,0,0,0,177.5,93,30.18,287.4,75,24.43,180.5,118,8.12,11.9,3,3.21,2,0,0.0035447832,NO
157,510,0,1,29,219.2,102,37.26,206.0,109,17.51,192.4,117,8.66,15.0,5,4.05,1,0,0.076415546,NO
101,415,0,0,0,269.7,85,45.85,207.6,86,17.65,214.2,107,9.64,4.5,15,1.22,3,1,0.88104165,YES
82,510,0,0,0,265.2,122,45.08,178.7,102,15.19,174.7,90,7.86,10.7,9,2.89,2,0,0.028592857,NO
100,415,0,0,0,218.9,124,37.21,237.5,99,20.19,189.7,52,8.54,11.0,6,2.97,2,0,0.005661379,NO
146,408,0,1,31,202.5,91,34.43,241.4,108,20.52,169.6,77,7.63,7.8,2,2.11,1,0,0.0075755063,NO
115,510,0,1,14,192.3,86,32.69,88.7,90,7.54,229.4,120,10.32,10.5,3,2.84,2,0,0.0007132184,NO
139,408,0,0,0,139.0,110,23.63,132.9,93,11.3,272.0,120,12.24,12.1,1,3.27,0,0,0.0023082637,NO
78,408,0,0,0,87.0,102,14.79,193.6,64,16.46,205.8,120,9.26,11.0,5,2.97,0,0,0.005719994,NO
90,415,0,0,0,205.7,138,34.97,161.9,83,13.76,269.7,104,12.14,12.5,6,3.38,2,0,0.00019811695,NO
118,415,0,0,0,161.6,96,27.47,223.9,113,19.03,240.6,137,10.83,6.8,2,1.84,0,0,0.0006671361,NO
50,408,0,0,0,154.7,102,26.3,298.0,108,25.33,210.2,95,9.46,11.1,3,3.0,0,0,0.0044090543,NO
117,510,0,0,0,158.7,84,26.98,181.7,91,15.44,177.3,67,7.98,7.7,10,2.08,2,0,0.0031254576,NO
36,415,0,0,0,157.6,117,26.79,184.3,58,15.67,240.4,99,10.82,11.9,1,3.21,0,0,0.00064218557,NO
111,510,0,0,0,152.2,114,25.87,137.2,102,11.66,185.9,97,8.37,9.8,3,2.65,0,0,0.0021629536,NO
79,415,0,0,0,161.6,94,27.47,187.5,110,15.94,220.8,71,9.94,10.3,7,2.78,2,0,0.023313027,NO
150,510,0,0,0,169.2,123,28.76,216.8,83,18.43,179.4,107,8.07,12.6,3,3.4,1,0,0.037755273,NO
205,510,0,0,0,49.9,123,8.48,150.7,81,12.81,188.2,67,8.47,10.1,4,2.73,2,0,0.0027873921,NO
107,408,0,0,0,228.2,90,38.79,214.2,123,18.21,183.1,79,8.24,10.5,4,2.84,4,0,0.002222546,NO
83,415,0,0,0,195.0,92,33.15,210.5,83,17.89,180.6,92,8.13,11.0,13,2.97,0,0,0.0017466173,NO
141,408,0,0,0,77.8,123,13.23,144.4,119,12.27,75.3,65,3.39,5.7,7,1.54,1,0,0.075779244,NO
150,510,0,0,0,178.9,101,30.41,169.1,110,14.37,148.6,100,6.69,13.8,3,3.73,4,1,0.71685815,YES
85,510,1,0,0,216.0,73,36.72,188.2,117,16.0,147.1,98,6.62,3.6,7,0.97,2,0,0.0005824191,NO
163,415,1,0,0,197.2,90,33.52,188.5,113,16.02,211.1,94,9.5,7.8,8,2.11,1,0,0.000791899,NO
62,408,0,0,0,128.7,111,21.88,169.5,104,14.41,193.6,97,8.71,10.3,5,2.78,1,0,0.058157694,NO
102,408,0,1,27,109.8,66,18.67,207.3,76,17.62,236.9,101,10.66,10.3,7,2.78,0,0,0.00037262667,NO
115,510,1,0,0,251.3,69,42.72,252.5,96,21.46,118.3,112,5.32,9.9,1,2.67,3,1,0.95707256,YES
109,408,0,0,0,162.6,138,27.64,154.0,109,13.09,209.7,118,9.44,11.5,4,3.11,0,0,0.0010559803,NO
81,415,0,1,33,200.3,103,34.05,216.9,96,18.44,249.8,100,11.24,15.5,4,4.19,1,0,0.017353997,NO
80,408,0,1,36,190.3,115,32.35,256.6,78,21.81,214.9,145,9.67,3.8,4,1.03,1,0,0.0011838012,NO
64,415,0,0,0,194.2,147,33.01,173.4,87,14.74,268.7,114,12.09,5.5,2,1.49,2,0,0.0046449737,NO
122,510,0,1,33,270.8,96,46.04,220.4,110,18.73,169.9,104,7.65,11.8,8,3.19,4,0,0.0028777174,NO
93,408,0,1,21,134.2,105,22.81,162.5,128,13.81,186.6,90,8.4,11.8,2,3.19,4,1,0.9951172,YES
77,408,0,0,0,185.9,95,31.6,212.0,98,18.02,282.3,81,12.7,11.3,4,3.05,3,0,0.027472874,NO
103,415,0,0,0,263.4,118,44.78,179.1,69,15.22,214.7,112,9.66,10.3,2,2.78,0,0,0.06429495,NO
138,415,0,1,37,75.8,102,12.89,173.6,147,14.76,162.6,96,7.32,8.2,13,2.21,0,0,0.00023972824,NO
37,415,0,0,0,233.7,114,39.73,207.9,109,17.67,212.7,101,9.57,12.0,2,3.24,2,0,0.0038122372,NO
117,408,0,0,0,97.1,98,16.51,228.0,131,19.38,240.0,111,10.8,10.6,3,2.86,1,0,0.11064542,NO
59,510,0,0,0,182.5,104,31.03,204.7,95,17.4,229.9,100,10.35,11.3,8,3.05,4,0,0.00043909493,NO
62,408,0,1,42,137.3,95,23.34,184.2,94,15.66,231.4,70,10.41,10.2,3,2.75,0,0,0.07739719,NO
80,510,0,0,0,157.1,77,26.71,302.0,69,25.67,317.9,159,14.31,15.6,4,4.21,0,0,0.017593687,NO
99,415,0,0,0,115.5,75,19.64,218.1,111,18.54,254.9,98,11.47,11.5,7,3.11,7,1,0.9580727,YES
47,415,0,1,37,163.5,77,27.8,203.1,102,17.26,232.0,87,10.44,7.8,4,2.11,2,0,0.001904274,NO
102,408,0,0,0,224.7,81,38.2,129.4,112,11.0,167.6,109,7.54,15.8,6,4.27,1,0,0.001697719,NO
103,510,0,1,36,87.2,92,14.82,169.3,110,14.39,166.7,80,7.5,10.9,5,2.94,6,1,0.9998684,YES
64,408,1,0,0,236.2,77,40.15,218.6,85,18.58,194.1,97,8.73,13.2,2,3.56,2,1,0.99861944,YES
80,415,0,0,0,195.1,65,33.17,214.0,80,18.19,124.4,96,5.6,9.2,6,2.48,2,0,0.0013496071,NO
70,408,0,0,0,232.1,122,39.46,292.3,112,24.85,201.2,112,9.05,0.0,0,0.0,3,0,0.97422653,YES
26,510,0,0,0,83.2,93,14.14,199.5,64,16.96,242.6,112,10.92,10.7,4,2.89,1,0,0.0021213586,NO
87,408,0,1,30,262.8,114,44.68,215.8,130,18.34,154.8,88,6.97,7.8,2,2.11,0,0,0.0021351196,NO
93,415,0,0,0,146.3,85,24.87,216.6,95,18.41,233.0,82,10.49,11.5,3,3.11,0,0,0.003260408,NO
130,408,0,0,0,115.6,129,19.65,167.8,104,14.26,141.8,124,6.38,12.6,9,3.4,1,0,0.65791124,YES
123,408,0,0,0,159.1,94,27.05,241.6,119,20.54,202.4,120,9.11,6.5,1,1.76,1,0,0.0015443462,NO
106,415,0,0,0,149.7,114,25.45,104.5,72,8.88,227.9,87,10.26,9.0,2,2.43,2,0,0.0014929852,NO
180,510,0,0,0,139.0,96,23.63,224.9,64,19.12,170.8,118,7.69,15.7,5,4.24,2,0,0.0061424016,NO
134,408,0,0,0,208.3,86,35.41,253.6,89,21.56,291.0,86,13.1,12.6,3,3.4,1,0,0.292896,NO
112,408,0,0,0,135.7,34,23.07,243.0,99,20.66,209.3,115,9.42,12.2,8,3.29,1,0,0.0013005752,NO
43,408,0,1,35,200.2,105,34.03,244.4,88,20.77,207.2,97,9.32,11.6,4,3.13,3,0,0.016493257,NO
97,510,0,0,0,144.2,91,24.51,226.7,137,19.27,144.6,72,6.51,13.8,4,3.73,3,0,0.0005890704,NO
100,415,0,1,25,215.9,90,36.7,257.9,92,21.92,180.2,157,8.11,11.6,4,3.13,1,0,0.0024747022,NO
79,510,1,0,0,300.4,113,51.07,210.8,93,17.92,173.4,121,7.8,11.9,3,3.21,2,1,0.9972783,YES
135,415,0,1,46,172.6,77,29.34,203.4,102,17.29,264.2,108,11.89,10.4,2,2.81,1,0,0.05954355,NO
32,408,0,1,26,266.7,109,45.34,232.3,107,19.75,212.8,98,9.58,16.3,4,4.4,1,0,0.0104013225,NO
100,415,0,0,0,303.0,93,51.51,175.6,89,14.93,135.2,102,6.08,10.4,5,2.81,1,1,0.9731492,YES
95,415,0,0,0,226.6,98,38.52,88.5,107,7.52,166.2,105,7.48,11.9,3,3.21,2,0,0.0013255159,NO
170,415,0,0,0,246.4,107,41.89,228.1,124,19.39,166.4,95,7.49,9.1,8,2.46,0,0,0.79864836,YES
109,510,0,0,0,117.8,64,20.03,216.2,84,18.38,148.4,59,6.68,10.9,5,2.94,1,0,0.003414612,NO
138,510,0,0,0,220.2,89,37.43,88.3,125,7.51,195.3,79,8.79,12.9,5,3.48,0,0,0.00038890756,NO
149,408,0,0,0,69.1,117,11.75,136.3,100,11.59,181.7,53,8.18,6.3,3,1.7,1,0,0.0012298978,NO
82,408,0,0,0,207.0,90,35.19,232.9,83,19.8,172.4,108,7.76,9.1,8,2.46,3,0,0.00014230587,NO
1,415,0,0,0,182.1,106,30.96,134.9,106,11.47,152.3,75,6.85,10.0,3,2.7,5,1,0.9711627,YES
63,415,0,0,0,162.5,86,27.63,165.4,112,14.06,163.7,67,7.37,13.4,6,3.62,4,1,0.99537045,YES
112,408,0,0,0,135.1,112,22.97,226.3,85,19.24,115.2,108,5.18,11.1,6,3.0,1,0,0.0020547651,NO
61,408,0,0,0,208.4,102,35.43,326.1,96,27.72,201.9,73,9.09,10.1,8,2.73,1,1,0.667016,YES
117,408,0,0,0,184.5,97,31.37,351.6,80,29.89,215.8,90,9.71,8.7,4,2.35,1,0,0.057892866,NO
178,415,0,1,22,112.8,66,19.18,232.6,100,19.77,194.8,119,8.77,14.3,3,3.86,1,0,0.0052798185,NO
47,408,0,1,37,112.8,150,19.18,243.9,97,20.73,178.7,112,8.04,13.2,6,3.56,2,0,0.00015005143,NO
47,415,0,1,40,158.3,90,26.91,213.2,71,18.12,123.0,132,5.54,14.0,2,3.78,2,0,0.123430274,NO
115,415,0,1,33,145.0,72,24.65,194.5,157,16.53,242.3,138,10.9,14.2,3,3.83,2,0,0.0044532665,NO
98,510,0,0,0,171.9,77,29.22,235.3,90,20.0,140.3,125,6.31,14.6,4,3.94,2,0,0.0021611392,NO
50,510,0,0,0,160.1,64,27.22,208.7,123,17.74,199.7,84,8.99,7.6,12,2.05,5,1,0.75527996,YES
161,415,0,0,0,178.1,109,30.28,146.5,86,12.45,137.6,78,6.19,8.5,2,2.3,1,0,0.009058683,NO
60,408,0,0,0,179.3,147,30.48,208.9,89,17.76,248.2,98,11.17,13.5,6,3.65,1,1,0.0006059403,NO
137,510,0,0,0,110.5,79,18.79,223.2,111,18.97,169.5,64,7.63,10.5,3,2.84,3,0,0.0057526734,NO
63,415,0,0,0,164.5,75,27.97,147.9,118,12.57,252.7,97,11.37,11.2,2,3.02,0,0,0.0027292038,NO
93,408,1,0,0,312.0,109,53.04,129.4,100,11.0,217.6,74,9.79,10.5,2,2.84,0,1,0.9998394,YES
9,415,0,1,16,88.5,87,15.05,178.8,108,15.2,228.7,96,10.29,11.5,3,3.11,2,0,0.0025576903,NO
103,408,0,0,0,150.6,125,25.6,169.1,126,14.37,221.2,104,9.95,10.4,8,2.81,8,1,0.9999025,YES
73,415,0,1,33,129.8,112,22.07,225.3,96,19.15,262.5,104,11.81,8.6,3,2.32,1,0,0.0527262,NO
190,415,1,0,0,111.9,55,19.02,223.0,124,18.96,243.2,81,10.94,10.0,7,2.7,3,0,0.0017610706,NO
74,415,0,1,25,194.6,84,33.08,119.9,103,10.19,175.5,75,7.9,13.1,2,3.54,2,0,0.0029912358,NO
70,510,0,0,0,147.1,105,25.01,200.0,135,17.0,234.9,65,10.57,12.5,9,3.38,3,0,0.00221595,NO
57,510,0,0,0,165.1,91,28.07,240.8,56,20.47,277.0,100,12.47,9.5,3,2.57,2,0,0.00068746123,NO
104,415,0,0,0,164.2,109,27.91,155.4,90,13.21,168.9,117,7.6,10.7,8,2.89,1,0,0.0031196584,NO
122,408,0,0,0,128.3,89,21.81,237.7,62,20.2,166.6,128,7.5,11.2,5,3.02,1,0,0.0036192117,NO
25,415,1,0,0,211.7,51,35.99,225.2,74,19.14,197.4,95,8.88,12.0,3,3.24,0,0,0.0031813993,NO
137,510,0,0,0,223.6,86,38.01,244.8,139,20.81,94.2,81,4.24,9.5,7,2.57,0,0,0.010614807,NO
40,510,1,0,0,220.8,100,37.54,265.7,106,22.58,212.8,94,9.58,6.4,3,1.73,0,0,0.051936634,NO
56,415,0,1,30,127.1,89,21.61,172.1,116,14.63,194.6,111,8.76,12.1,3,3.27,1,0,0.0075115156,NO
138,510,0,0,0,205.9,96,35.0,257.1,94,21.85,209.0,63,9.4,12.1,8,3.27,0,0,0.0047053564,NO
66,415,0,1,16,174.7,92,29.7,232.1,105,19.73,305.4,98,13.74,8.9,2,2.4,1,0,0.0060354443,NO
150,415,0,1,29,235.8,91,40.09,202.8,84,17.24,246.3,81,11.08,11.9,4,3.21,1,0,0.0023647603,NO
82,415,0,0,0,266.9,83,45.37,229.7,74,19.52,251.7,99,11.33,11.0,6,2.97,3,1,0.9996965,YES
90,415,0,1,30,168.2,103,28.59,220.9,75,18.78,224.3,105,10.09,8.2,2,2.21,0,0,0.0015838245,NO
122,415,0,1,34,146.4,104,24.89,89.7,103,7.62,220.0,91,9.9,15.6,4,4.21,2,0,0.00058020477,NO
153,408,0,0,0,154.6,56,26.28,263.0,84,22.36,367.7,89,16.55,15.5,2,4.19,1,0,0.0024351405,NO
127,408,0,1,25,173.0,91,29.41,245.8,64,20.89,300.0,99,13.5,4.8,3,1.3,0,0,0.00013198533,NO
63,415,0,1,32,218.9,124,37.21,214.3,125,18.22,260.3,120,11.71,12.9,3,3.48,1,0,0.06551965,NO
41,415,0,0,0,159.3,66,27.08,125.9,75,10.7,261.9,76,11.79,11.1,5,3.0,1,0,0.3931211,NO
81,415,1,0,0,149.4,68,25.4,171.9,98,14.61,214.5,97,9.65,17.9,3,4.83,3,1,0.9982426,YES
72,408,0,1,39,92.8,98,15.78,271.2,115,23.05,167.1,83,7.52,5.8,7,1.57,1,0,0.0001794518,NO
115,510,0,0,0,143.6,135,24.41,278.0,119,23.63,46.7,84,2.1,12.7,3,3.43,0,0,0.000263505,NO
115,415,1,0,0,180.0,119,30.6,198.8,126,16.9,217.1,70,9.77,12.4,3,3.35,1,0,0.0037804043,NO
91,510,1,0,0,129.9,112,22.08,173.3,83,14.73,247.2,130,11.12,11.2,3,3.02,3,0,0.0075302664,NO
132,510,0,0,0,99.5,110,16.92,129.1,80,10.97,125.1,124,5.63,9.7,3,2.62,0,0,0.0031862298,NO
109,415,1,0,0,268.4,85,45.63,150.6,131,12.8,297.9,84,13.41,9.7,8,2.62,2,1,0.03717073,NO
75,510,0,0,0,109.0,88,18.53,259.3,120,22.04,182.1,119,8.19,13.3,3,3.59,4,1,0.99730396,YES
160,415,0,0,0,234.9,136,39.93,270.8,134,23.02,219.3,101,9.87,13.9,2,3.75,1,1,0.9877539,YES
49,510,0,0,0,119.3,117,20.28,215.1,109,18.28,178.7,90,8.04,11.1,1,3.0,1,0,0.0063207406,NO
86,408,0,0,0,148.2,71,25.19,285.1,91,24.23,166.4,155,7.49,6.2,3,1.67,2,0,0.00027756824,NO
63,408,0,0,0,83.0,64,14.11,177.0,106,15.05,245.7,89,11.06,13.0,3,3.51,0,0,0.0046129166,NO
74,408,0,0,0,157.1,95,26.71,213.1,36,18.11,280.4,77,12.62,7.6,3,2.05,2,0,0.004458206,NO
45,408,0,1,38,196.8,92,33.46,254.2,108,21.61,261.8,85,11.78,7.7,2,2.08,1,0,0.019311527,NO
96,510,0,0,0,179.5,125,30.52,162.3,139,13.8,264.5,133,11.9,6.6,2,1.78,1,0,0.0071061584,NO
177,415,0,0,0,232.8,106,39.58,175.2,97,14.89,212.2,77,9.55,12.5,7,3.38,2,0,0.011745297,NO
123,510,0,1,32,212.3,77,36.09,251.5,78,21.38,208.7,85,9.39,6.6,2,1.78,3,0,0.0061951797,NO
192,415,0,1,36,156.2,77,26.55,215.5,126,18.32,279.1,83,12.56,9.9,6,2.67,2,0,0.008104341,NO
70,408,0,0,0,170.2,98,28.93,155.2,102,13.19,228.6,76,10.29,15.0,2,4.05,1,0,0.0011155296,NO
82,415,0,0,0,172.4,112,29.31,131.7,89,11.19,182.8,78,8.23,8.8,9,2.38,1,0,0.027568525,NO
102,510,0,1,29,158.2,132,26.89,250.6,47,21.3,219.3,86,9.87,15.1,4,4.08,1,0,0.00023841666,NO
87,415,1,1,40,221.6,79,37.67,157.1,74,13.35,222.4,124,10.01,11.5,3,3.11,1,0,0.026301416,NO
166,510,0,1,32,148.4,86,25.23,170.6,119,14.5,201.5,124,9.07,11.3,12,3.05,1,0,0.070878655,NO
195,415,0,0,0,221.6,109,37.67,126.2,94,10.73,212.2,98,9.55,6.4,2,1.73,0,0,0.007762589,NO
82,415,0,0,0,313.6,110,53.31,263.2,104,22.37,139.0,93,6.26,7.5,5,2.03,1,1,0.99800605,YES
98,510,0,0,0,271.4,119,46.14,190.4,102,16.18,284.7,118,12.81,11.1,6,3.0,4,1,0.6572194,YES
169,408,0,0,0,240.7,119,40.92,141.1,102,11.99,120.6,56,5.43,7.7,2,2.08,2,0,0.009966693,NO
152,408,0,0,0,101.2,122,17.2,141.6,87,12.04,198.5,124,8.93,7.5,3,2.03,2,0,0.021008965,NO
55,415,0,1,28,222.5,134,37.83,177.8,106,15.11,194.6,90,8.76,9.7,4,2.62,2,0,0.0038002767,NO
67,510,0,0,0,310.4,97,52.77,66.5,123,5.65,246.5,99,11.09,9.2,10,2.48,4,0,0.9591661,YES
52,415,0,0,0,204.4,97,34.75,273.2,128,23.22,179.6,118,8.08,11.0,5,2.97,1,0,0.004785485,NO
139,415,0,0,0,102.2,76,17.37,230.0,106,19.55,183.4,136,8.25,10.8,4,2.92,1,0,0.023334187,NO
74,510,0,1,27,154.1,122,26.2,195.3,150,16.6,276.7,86,12.45,13.2,2,3.56,4,0,0.044946644,NO
84,408,0,0,0,146.8,133,24.96,171.7,73,14.59,234.5,69,10.55,9.9,3,2.67,1,0,0.0053271903,NO
71,415,0,0,0,211.2,70,35.9,252.7,122,21.48,225.8,104,10.16,12.3,3,3.32,0,0,0.02072125,NO
33,415,1,0,0,247.1,114,42.01,146.5,110,12.45,208.9,94,9.4,10.6,2,2.86,4,1,0.9814145,YES
99,408,0,1,19,87.7,103,14.91,223.0,86,18.96,182.3,112,8.2,7.3,4,1.97,2,0,0.002421218,NO
109,415,0,0,0,193.6,58,32.91,148.7,115,12.64,282.5,105,12.71,13.1,1,3.54,2,0,0.0034243488,NO
116,415,0,1,34,268.6,83,45.66,178.2,142,15.15,166.3,106,7.48,11.6,3,3.13,2,0,0.0009881378,NO
112,415,0,0,0,111.9,92,19.02,114.0,143,9.69,146.8,79,6.61,14.1,3,3.81,5,1,0.99942255,YES
111,415,0,0,0,222.2,96,37.77,162.5,111,13.81,184.9,120,8.32,11.9,7,3.21,4,0,4.5413977e-05,NO
99,510,0,0,0,128.3,78,21.81,215.3,120,18.3,143.7,140,6.47,14.3,9,3.86,2,0,0.0015827904,NO
101,415,0,0,0,164.6,85,27.98,204.9,72,17.42,136.4,104,6.14,11.5,5,3.11,0,0,0.009930439,NO
121,415,0,0,0,123.6,113,21.01,229.4,85,19.5,242.9,97,10.93,10.3,4,2.78,0,0,0.07503413,NO
137,415,0,0,0,104.7,115,17.8,249.8,144,21.23,192.3,99,8.65,8.9,2,2.4,1,0,0.011746748,NO
108,415,0,1,19,312.4,98,53.11,271.4,122,23.07,162.6,91,7.32,10.1,6,2.73,0,0,0.018204724,NO
74,415,0,0,0,85.7,83,14.57,247.7,67,21.05,142.4,85,6.41,10.1,5,2.73,2,0,0.005444284,NO
168,408,0,0,0,128.8,96,21.9,104.9,71,8.92,141.1,128,6.35,11.2,2,3.02,1,0,0.11259511,NO
120,415,0,0,0,137.3,100,23.34,212.2,129,18.04,152.7,92,6.87,10.5,2,2.84,1,0,0.032645755,NO
95,408,1,1,37,220.2,109,37.43,185.3,99,15.75,205.1,82,9.23,4.1,2,1.11,0,1,0.9995752,YES
91,510,0,0,0,197.3,120,33.54,202.4,89,17.2,290.5,128,13.07,15.3,7,4.13,1,0,0.031415895,NO
42,510,1,0,0,260.9,94,44.35,152.8,123,12.99,212.6,94,9.57,11.1,4,3.0,1,0,0.054702584,NO
100,510,1,0,0,107.2,98,18.22,86.8,122,7.38,156.2,117,7.03,9.7,4,2.62,1,0,0.00061708357,NO
153,415,0,1,31,218.5,130,37.15,134.2,103,11.41,118.9,105,5.35,9.4,6,2.54,0,0,0.040130418,NO
151,415,0,1,31,240.7,102,40.92,106.5,96,9.05,195.7,128,8.81,10.6,2,2.86,2,0,0.0017035461,NO
76,415,0,0,0,169.5,77,28.82,124.0,87,10.54,219.4,92,9.87,10.0,3,2.7,0,0,0.0015442108,NO
102,510,0,0,0,69.7,85,11.85,226.5,107,19.25,128.5,104,5.78,11.1,2,3.0,2,0,0.012645621,NO
136,408,1,1,29,85.2,98,14.48,230.4,85,19.58,243.6,104,10.96,9.0,3,2.43,2,0,0.00020312867,NO
103,415,0,1,18,149.9,84,25.48,170.9,84,14.53,171.5,112,7.72,11.5,7,3.11,0,1,0.0007807944,NO
85,415,0,0,0,126.1,112,21.44,274.7,126,23.35,184.4,95,8.3,9.8,4,2.65,1,0,0.0042923857,NO
133,510,0,0,0,201.7,85,34.29,169.4,116,14.4,286.3,80,12.88,6.0,4,1.62,0,0,0.079132624,NO
80,415,0,0,0,197.5,114,33.58,206.9,119,17.59,163.6,109,7.36,11.3,4,3.05,1,0,0.004928005,NO
111,510,0,0,0,197.1,117,33.51,227.8,128,19.36,214.0,101,9.63,9.3,11,2.51,0,0,0.059280667,NO
121,415,0,1,41,215.5,95,36.64,241.8,92,20.55,147.0,108,6.61,9.6,3,2.59,1,0,0.0056468304,NO
137,415,0,1,19,175.3,96,29.8,241.3,146,20.51,211.4,109,9.51,7.8,2,2.11,0,0,0.00035602463,NO
127,408,0,0,0,182.3,124,30.99,169.9,110,14.44,184.0,116,8.28,9.3,3,2.51,1,0,0.033673473,NO
140,408,0,0,0,149.8,134,25.47,164.4,98,13.97,294.7,124,13.26,8.1,2,2.19,1,0,0.004555307,NO
91,510,0,0,0,142.6,90,24.24,286.8,102,24.38,222.2,113,10.0,14.8,3,4.0,0,0,0.00046065726,NO
67,408,0,0,0,201.4,101,34.24,97.6,122,8.3,202.5,119,9.11,7.0,3,1.89,0,0,0.013410855,NO
146,510,1,0,0,133.0,65,22.61,262.8,93,22.34,214.3,128,9.64,11.2,3,3.02,1,0,0.0012657889,NO
102,510,1,0,0,233.8,103,39.75,221.6,131,18.84,146.9,106,6.61,12.8,3,3.46,0,0,0.047468394,NO
9,408,0,1,31,193.8,130,32.95,202.6,98,17.22,191.2,102,8.6,13.3,2,3.59,1,0,0.0037841431,NO
125,415,0,1,36,201.3,117,34.22,42.2,78,3.59,125.7,104,5.66,5.4,3,1.46,1,0,0.41549385,NO
136,415,0,0,0,92.4,109,15.71,219.0,115,18.62,212.6,80,9.57,12.9,4,3.48,2,0,0.009054006,NO
141,415,0,1,37,185.4,87,31.52,178.5,128,15.17,218.3,107,9.82,8.0,3,2.16,4,0,0.06282299,NO
124,510,0,0,0,157.5,70,26.78,130.7,79,11.11,193.4,98,8.7,9.6,4,2.59,3,0,0.025340196,NO
149,415,0,1,18,148.5,106,25.25,114.5,106,9.73,178.3,98,8.02,6.5,4,1.76,0,0,0.0035529295,NO
171,510,0,0,0,189.8,122,32.27,173.7,85,14.76,257.1,84,11.57,10.3,1,2.78,0,0,0.057301156,NO
52,510,0,0,0,129.3,80,21.98,142.7,101,12.13,258.3,89,11.62,12.3,4,3.32,3,0,0.42513186,NO
117,415,0,0,0,102.8,119,17.48,206.7,91,17.57,299.0,105,13.46,10.1,7,2.73,1,0,0.0038360972,NO
60,415,0,0,0,145.0,133,24.65,209.1,92,17.77,328.5,112,14.78,14.6,2,3.94,1,0,0.002907534,NO
63,510,0,0,0,132.9,122,22.59,67.0,62,5.7,160.4,121,7.22,9.9,2,2.67,3,0,0.00045643095,NO
130,510,0,0,0,110.0,107,18.7,181.9,85,15.46,208.0,94,9.36,11.7,3,3.16,1,0,0.021194905,NO
119,510,0,0,0,140.0,135,23.8,138.9,103,11.81,230.2,121,10.36,6.1,6,1.65,0,0,0.00026589847,NO
108,415,0,0,0,197.4,78,33.56,124.0,101,10.54,204.5,107,9.2,7.7,4,2.08,2,0,0.010463342,NO
95,408,0,0,0,237.3,83,40.34,154.0,65,13.09,237.0,105,10.67,11.2,6,3.02,1,0,0.0030218456,NO
58,408,0,0,0,177.4,107,30.16,204.7,104,17.4,141.9,123,6.39,15.0,9,4.05,3,0,0.001532682,NO
120,415,0,0,0,252.1,110,42.86,226.1,103,19.22,155.6,83,7.0,13.8,3,3.73,1,0,0.4570174,NO
133,510,0,0,0,176.8,92,30.06,187.5,97,15.94,196.8,88,8.86,6.5,3,1.76,2,0,0.0023065018,NO
171,415,0,0,0,137.5,110,23.38,198.1,109,16.84,292.7,131,13.17,13.3,5,3.59,2,0,0.0065479944,NO
116,415,0,1,42,280.4,95,47.67,174.4,101,14.82,190.0,65,8.55,9.9,1,2.67,3,0,0.0038835688,NO
86,415,0,1,30,99.9,84,16.98,263.5,125,22.4,254.7,90,11.46,9.8,7,2.65,2,0,0.00011436347,NO
48,415,0,0,0,210.8,84,35.84,189.6,98,16.12,157.6,99,7.09,16.4,3,4.43,2,0,0.0020390481,NO
61,415,0,1,20,254.4,133,43.25,161.7,96,13.74,251.4,91,11.31,10.5,4,2.84,0,0,8.4839594e-05,NO
69,415,0,0,0,111.7,86,18.99,187.5,68,15.94,194.8,128,8.77,11.6,10,3.13,2,0,0.20390622,NO
51,408,0,0,0,169.3,111,28.78,139.5,69,11.86,197.0,87,8.87,12.0,3,3.24,0,0,0.003227138,NO
112,510,0,0,0,189.4,83,32.2,219.0,89,18.62,168.0,116,7.56,7.1,8,1.92,3,0,0.00069891976,NO
124,510,0,1,37,161.2,109,27.4,204.2,79,17.36,231.5,87,10.42,8.9,4,2.4,1,0,0.0041533555,NO
114,408,0,0,0,204.4,91,34.75,239.6,136,20.37,235.0,64,10.58,11.5,3,3.11,2,0,0.002943052,NO
136,408,0,0,0,102.1,75,17.36,219.5,97,18.66,73.7,92,3.32,9.8,5,2.65,0,0,0.00057890586,NO
65,415,0,0,0,144.3,109,24.53,331.3,89,28.16,155.3,69,6.99,11.8,15,3.19,3,0,0.0022063882,NO
40,510,0,0,0,146.4,105,24.89,196.4,143,16.69,235.6,123,10.6,9.4,3,2.54,3,0,0.0018473292,NO
103,408,0,0,0,185.8,118,31.59,86.8,84,7.38,208.4,115,9.38,10.7,9,2.89,1,0,0.0014443108,NO
139,510,0,1,23,157.6,129,26.79,247.0,96,21.0,259.2,112,11.66,13.7,2,3.7,0,0,0.005826784,NO
39,408,0,0,0,179.0,88,30.43,148.2,124,12.6,146.8,116,6.61,8.8,4,2.38,2,0,0.0016722605,NO
76,415,0,0,0,168.4,74,28.63,161.0,83,13.69,147.4,117,6.63,8.0,4,2.16,1,0,0.0034665305,NO
113,415,0,0,0,317.1,97,53.91,224.8,70,19.11,215.1,90,9.68,13.6,2,3.67,1,1,0.9999542,YES
130,415,0,0,0,155.9,95,26.5,256.1,97,21.77,262.9,103,11.83,11.7,3,3.16,3,0,0.21511458,NO
140,415,0,0,0,204.7,100,34.8,126.8,107,10.78,202.8,115,9.13,12.1,4,3.27,2,0,0.0023591544,NO
78,408,0,0,0,75.0,116,12.75,248.7,87,21.14,176.0,83,7.92,9.5,6,2.57,3,0,0.0007940945,NO
107,415,0,0,0,206.9,79,35.17,262.4,117,22.3,149.3,69,6.72,10.7,3,2.89,0,0,0.0029946691,NO
135,510,0,0,0,112.7,123,19.16,280.0,90,23.8,251.9,110,11.34,10.4,2,2.81,0,0,0.004007963,NO
75,415,0,1,39,198.2,107,33.69,280.4,132,23.83,129.6,73,5.83,11.3,7,3.05,1,0,0.00042059805,NO
12,415,0,0,0,204.6,98,34.78,212.5,90,18.06,182.1,95,8.19,9.8,7,2.65,2,0,0.0011090359,NO
126,510,0,0,0,122.4,88,20.81,143.8,111,12.22,157.0,106,7.07,11.5,3,3.11,1,0,0.00705252,NO
204,510,0,0,0,205.2,145,34.88,154.8,95,13.16,191.4,77,8.61,14.1,5,3.81,3,0,0.0008361588,NO
93,415,0,0,0,190.2,68,32.33,262.2,64,22.29,130.0,92,5.85,8.8,4,2.38,0,0,0.0002993448,NO
130,415,0,0,0,242.5,101,41.23,102.8,114,8.74,142.4,89,6.41,9.3,2,2.51,2,0,0.0020968355,NO
224,510,1,0,0,171.5,99,29.16,160.0,103,13.6,212.4,102,9.56,5.0,2,1.35,1,1,0.99561787,YES
128,510,0,0,0,221.0,109,37.57,219.0,107,18.62,229.4,113,10.32,8.6,5,2.32,3,0,0.039232206,NO
82,415,0,0,0,199.3,112,33.88,193.4,120,16.44,254.4,117,11.45,7.0,10,1.89,0,0,0.02307737,NO
106,415,0,0,0,191.4,124,32.54,200.7,116,17.06,230.1,76,10.35,8.2,3,2.21,1,0,0.15387039,NO
30,510,0,0,0,145.0,76,24.65,240.7,112,20.46,197.1,134,8.87,7.1,4,1.92,3,0,0.0033881373,NO
215,510,0,0,0,83.6,148,14.21,120.9,91,10.28,226.6,110,10.2,10.7,9,2.89,0,0,0.0020102293,NO
78,510,0,0,0,131.6,102,22.37,290.4,134,24.68,190.5,95,8.57,0.0,0,0.0,3,0,0.0004237306,NO
129,415,1,0,0,267.4,78,45.46,204.2,85,17.36,111.7,146,5.03,5.9,4,1.59,1,0,0.050608505,NO
127,510,0,0,0,96.0,117,16.32,177.0,68,15.05,162.2,127,7.3,9.7,4,2.62,3,0,0.06107371,NO
85,510,0,1,21,283.2,110,48.14,239.7,108,20.37,149.5,80,6.73,6.3,1,1.7,5,0,0.0014237047,NO
168,408,0,0,0,163.4,134,27.78,240.1,87,20.41,164.0,147,7.38,11.6,2,3.13,2,1,0.0010066427,NO
192,415,0,0,0,185.0,88,31.45,224.9,98,19.12,212.4,105,9.56,11.4,3,3.08,2,0,0.007980411,NO
89,408,1,0,0,206.9,134,35.17,167.7,105,14.25,155.7,86,7.01,10.9,4,2.94,0,0,0.0029596724,NO
189,415,0,1,30,155.2,116,26.38,195.5,50,16.62,170.1,108,7.65,15.4,6,4.16,1,0,0.0027925195,NO
75,408,0,0,0,147.5,110,25.08,191.7,97,16.29,135.0,68,6.08,16.4,3,4.43,2,0,0.0023491113,NO
103,415,0,1,22,219.0,126,37.23,311.9,126,26.51,197.0,112,8.87,9.0,8,2.43,3,0,0.011418937,NO
118,408,1,1,39,153.8,106,26.15,123.3,111,10.48,117.8,103,5.3,9.2,6,2.48,1,0,0.0008300418,NO
107,510,0,0,0,257.7,98,43.81,156.5,84,13.3,104.4,123,4.7,9.8,3,2.65,1,0,0.00025477458,NO
113,510,0,0,0,245.3,108,41.7,259.9,140,22.09,204.3,115,9.19,10.7,2,2.89,3,1,0.988064,YES
160,510,0,0,0,121.8,97,20.71,89.3,97,7.59,150.7,92,6.78,10.3,5,2.78,1,0,0.016300688,NO
157,408,0,0,0,229.8,90,39.07,147.9,121,12.57,241.4,108,10.86,9.6,7,2.59,3,0,0.0008961445,NO
133,415,0,0,0,113.3,137,19.26,160.2,103,13.62,228.8,98,10.3,10.1,7,2.73,2,0,0.006753569,NO
147,510,0,1,33,251.5,107,42.76,234.1,110,19.9,213.4,87,9.6,10.4,6,2.81,3,0,0.028195277,NO
123,408,0,1,28,124.7,105,21.2,250.4,78,21.28,216.4,128,9.74,7.8,8,2.11,1,0,0.0009280784,NO
127,415,0,0,0,145.0,106,24.65,230.3,99,19.58,164.9,103,7.42,12.7,3,3.43,1,0,0.1005859,NO
53,408,0,1,18,146.8,107,24.96,310.0,84,26.35,178.7,130,8.04,7.2,7,1.94,0,0,0.0005573117,NO
60,408,0,0,0,220.6,57,37.5,211.1,115,17.94,249.0,129,11.21,6.8,3,1.84,1,0,0.009302469,NO
39,408,0,0,0,60.4,158,10.27,306.2,120,26.03,123.9,46,5.58,12.4,3,3.35,1,0,0.00016501683,NO
116,510,0,0,0,201.8,82,34.31,231.5,95,19.68,226.1,130,10.17,16.5,5,4.46,0,0,0.006073863,NO
82,415,0,0,0,135.4,102,23.02,237.1,122,20.15,118.3,91,5.32,17.5,4,4.73,0,0,0.00090168644,NO
102,415,1,0,0,209.8,85,35.67,165.7,100,14.08,230.1,92,10.35,8.7,6,2.35,0,0,0.00089658936,NO
53,415,0,0,0,168.8,97,28.7,220.3,87,18.73,154.3,113,6.94,10.9,2,2.94,0,0,0.0034496281,NO
109,415,0,0,0,200.1,72,34.02,300.9,120,25.58,236.0,68,10.62,11.9,5,3.21,0,0,0.06745705,NO
79,510,0,1,31,103.1,90,17.53,243.0,135,20.66,76.4,92,3.44,12.2,8,3.29,3,0,4.730501e-05,NO
161,408,0,0,0,154.7,84,26.3,177.8,125,15.11,172.9,90,7.78,5.9,2,1.59,4,1,0.99850875,YES
84,510,0,0,0,203.4,125,34.58,182.9,88,15.55,213.7,121,9.62,13.8,2,3.73,1,0,0.0063797673,NO
66,415,0,1,31,163.2,106,27.74,267.9,108,22.77,172.6,100,7.77,9.7,5,2.62,1,0,0.0019469517,NO
72,510,0,0,0,272.4,88,46.31,107.9,125,9.17,185.5,81,8.35,12.7,2,3.43,0,0,0.014831196,NO
103,415,0,0,0,198.5,112,33.75,42.5,90,3.61,179.2,124,8.06,12.4,5,3.35,0,0,5.500922e-05,NO
67,510,0,1,30,186.2,117,31.65,286.7,76,24.37,164.3,113,7.39,12.9,3,3.48,2,0,0.0018379872,NO
150,408,0,0,0,150.9,92,25.65,191.0,106,16.24,223.6,107,10.06,8.3,4,2.24,5,1,0.9823101,YES
135,510,0,0,0,246.8,129,41.96,187.8,121,15.96,154.5,109,6.95,12.6,5,3.4,1,0,0.020625351,NO
146,415,0,0,0,205.4,101,34.92,134.9,77,11.47,310.5,83,13.97,10.3,2,2.78,3,0,0.029771388,NO
111,415,0,0,0,255.9,97,43.5,204.1,129,17.35,171.3,84,7.71,12.3,5,3.32,3,0,0.47953558,NO
78,415,0,0,0,231.0,115,39.27,230.4,140,19.58,261.4,120,11.76,9.5,3,2.57,1,0,0.05913706,NO
114,408,0,0,0,193.0,101,32.81,250.0,81,21.25,133.3,79,6.0,9.6,2,2.59,2,0,0.00013098483,NO
120,415,0,1,31,153.5,83,26.1,219.1,96,18.62,237.4,76,10.68,11.4,4,3.08,0,0,0.0029914817,NO
46,408,0,0,0,210.2,92,35.73,227.3,77,19.32,200.1,116,9.0,13.1,7,3.54,1,0,0.004903239,NO
90,415,0,0,0,259.1,140,44.05,124.0,119,10.54,188.3,79,8.47,12.8,3,3.46,0,0,0.005116998,NO
127,510,1,0,0,180.9,114,30.75,209.5,118,17.81,249.9,105,11.25,7.4,4,2.0,2,0,0.0008911496,NO
217,415,0,0,0,123.7,138,21.03,248.5,105,21.12,269.6,78,12.13,13.3,4,3.59,0,0,0.001736578,NO
113,415,0,0,0,215.9,93,36.7,240.1,85,20.41,156.7,123,7.05,4.9,5,1.32,3,0,0.0024632907,NO
70,415,0,0,0,205.7,80,34.97,221.4,103,18.82,206.2,117,9.28,14.2,5,3.83,2,0,0.007834459,NO
106,415,0,0,0,222.1,123,37.76,276.8,92,23.53,213.5,99,9.61,9.0,3,2.43,0,0,0.988177,YES
97,408,0,1,25,141.0,101,23.97,212.0,85,18.02,175.2,138,7.88,4.9,2,1.32,3,0,0.00089441024,NO
112,415,0,1,27,213.0,121,36.21,226.2,101,19.23,189.8,99,8.54,11.1,3,3.0,4,0,0.008857413,NO
163,408,0,0,0,197.0,109,33.49,202.6,128,17.22,206.4,80,9.29,9.1,10,2.46,1,0,0.25924098,NO
90,415,0,0,0,207.2,121,35.22,292.5,104,24.86,226.3,103,10.18,8.0,1,2.16,2,0,0.11123346,NO
69,415,1,0,0,176.8,89,30.06,196.0,89,16.66,232.6,151,10.47,13.1,5,3.54,1,1,0.9545113,YES
64,510,0,0,0,216.9,78,36.87,211.0,115,17.94,179.8,116,8.09,11.4,5,3.08,3,0,0.0052297222,NO
139,415,1,0,0,161.5,121,27.46,192.9,137,16.4,168.3,96,7.57,11.2,13,3.02,0,0,0.0016476733,NO
86,415,0,0,0,125.5,139,21.34,269.8,93,22.93,235.8,110,10.61,8.9,8,2.4,1,0,0.00036361208,NO
77,415,0,0,0,221.8,84,37.71,166.0,125,14.11,210.2,72,9.46,13.2,4,3.56,1,0,0.011153797,NO
124,415,0,0,0,131.8,82,22.41,284.3,119,24.17,305.5,101,13.75,11.3,2,3.05,1,0,0.030976394,NO
68,415,0,0,0,134.6,73,22.88,206.8,117,17.58,138.4,104,6.23,9.4,2,2.54,2,0,0.0038415308,NO
172,510,0,0,0,169.8,123,28.87,183.1,94,15.56,395.0,72,17.77,12.7,7,3.43,2,0,0.0102153495,NO
93,510,0,0,0,190.7,114,32.42,218.2,111,18.55,129.6,121,5.83,8.1,3,2.19,3,0,0.017179277,NO
149,415,0,0,0,194.9,108,33.13,187.1,102,15.9,174.9,168,7.87,8.2,4,2.21,4,0,0.5901919,YES
90,415,0,0,0,68.8,124,11.7,168.1,106,14.29,281.7,96,12.68,9.8,5,2.65,1,0,0.004164974,NO
81,408,0,1,36,164.8,106,28.02,210.2,138,17.87,173.6,78,7.81,4.3,2,1.16,2,0,0.0038310785,NO
156,510,0,0,0,189.4,114,32.2,145.7,96,12.38,192.8,121,8.68,4.5,13,1.22,0,0,0.0038734532,NO
121,510,0,1,35,193.8,62,32.95,197.6,97,16.8,218.8,95,9.85,5.9,4,1.59,0,0,0.00058954133,NO
54,510,0,0,0,210.5,102,35.79,204.5,83,17.38,127.8,53,5.75,8.5,5,2.3,1,0,0.0033532272,NO
76,415,0,1,35,273.7,94,46.53,153.3,101,13.03,259.0,109,11.66,3.8,3,1.03,0,0,0.00019747195,NO
66,408,0,1,32,187.8,117,31.93,129.8,90,11.03,132.3,113,5.95,12.0,3,3.24,2,0,0.009920154,NO
121,510,0,0,0,190.7,103,32.42,183.5,117,15.6,220.8,103,9.94,9.8,4,2.65,3,0,0.005315038,NO
179,510,0,0,0,116.1,101,19.74,201.8,99,17.15,181.9,103,8.19,11.6,5,3.13,0,0,0.024101958,NO
131,415,0,0,0,212.8,108,36.18,212.0,115,18.02,235.9,96,10.62,9.8,11,2.65,0,0,0.0056746094,NO
105,415,0,1,31,109.6,108,18.63,249.3,119,21.19,321.2,101,14.45,8.3,4,2.24,4,1,0.84944224,YES
81,415,0,0,0,176.1,113,29.94,162.0,80,13.77,160.9,83,7.24,11.9,4,3.21,1,0,0.0007799526,NO
51,408,0,0,0,197.8,60,33.63,221.0,64,18.79,168.6,134,7.59,8.9,5,2.4,1,0,0.0050316188,NO
83,415,0,0,0,228.4,113,38.83,163.3,103,13.88,248.0,114,11.16,7.8,6,2.11,1,0,0.0009253703,NO
93,408,0,0,0,172.3,135,29.29,318.7,95,27.09,131.5,104,5.92,11.5,4,3.11,3,0,0.00020195259,NO
108,510,1,0,0,275.9,84,46.9,203.0,91,17.26,211.4,108,9.51,6.7,4,1.81,2,1,0.9119033,YES
49,510,0,0,0,119.4,69,20.3,273.3,92,23.23,214.4,153,9.65,12.4,7,3.35,2,0,0.00011964477,NO
134,415,0,0,0,199.7,107,33.95,205.8,86,17.49,198.8,125,8.95,8.3,5,2.24,0,0,0.034802765,NO
172,415,0,0,0,211.7,100,35.99,198.7,101,16.89,301.7,136,13.58,6.5,9,1.76,1,0,0.02514515,NO
61,415,0,0,0,234.6,126,39.88,200.7,76,17.06,171.1,81,7.7,8.1,2,2.19,0,0,0.060135584,NO
132,415,0,1,31,174.5,101,29.67,245.6,105,20.88,172.8,76,7.78,10.3,9,2.78,1,0,0.0074743666,NO
151,510,0,0,0,235.9,104,40.1,80.6,91,6.85,212.8,116,9.58,5.8,2,1.57,3,0,0.0029125328,NO
81,415,0,0,0,165.2,109,28.08,170.6,96,14.5,205.0,74,9.23,9.9,4,2.67,0,0,0.20416082,NO
77,415,0,1,33,143.0,101,24.31,212.2,102,18.04,104.9,120,4.72,15.3,4,4.13,5,1,0.9890723,YES
111,415,0,0,0,132.6,125,22.54,221.1,67,18.79,127.9,101,5.76,12.7,2,3.43,4,1,0.99969244,YES
93,408,0,0,0,267.9,114,45.54,223.0,74,18.96,262.7,90,11.82,11.3,3,3.05,3,1,0.9994462,YES
92,510,0,0,0,87.6,89,14.89,172.3,133,14.65,153.4,88,6.9,8.0,4,2.16,1,0,0.107048355,NO
105,415,0,1,24,274.7,99,46.7,193.5,118,16.45,299.6,109,13.48,10.8,3,2.92,3,0,0.0023122171,NO
31,415,0,0,0,224.5,96,38.17,191.2,72,16.25,214.5,100,9.65,9.1,1,2.46,2,0,0.0032986372,NO
173,510,0,1,21,232.4,96,39.51,211.9,118,18.01,273.0,102,12.29,5.0,5,1.35,3,0,0.0026999717,NO
104,415,0,0,0,285.3,75,48.5,130.8,111,11.12,181.8,99,8.18,10.5,2,2.84,2,0,0.090707004,NO
92,408,0,1,28,151.1,90,25.69,194.8,79,16.56,239.2,114,10.76,10.0,3,2.7,1,0,0.0014718903,NO
69,408,0,0,0,198.8,141,33.8,203.7,110,17.31,177.1,109,7.97,15.2,2,4.1,4,0,0.03768221,NO
101,415,0,0,0,176.5,105,30.01,198.6,136,16.88,210.2,150,9.46,7.7,5,2.08,0,0,0.0025712166,NO
34,415,0,1,14,151.5,100,25.76,248.7,126,21.14,199.8,120,8.99,10.7,5,2.89,2,0,0.006581355,NO
167,510,0,1,30,195.8,118,33.29,166.4,109,14.14,297.4,84,13.38,11.7,2,3.16,0,0,0.00056618266,NO
108,415,0,0,0,133.1,52,22.63,256.3,103,21.79,247.2,118,11.12,11.9,3,3.21,3,0,0.012889428,NO
78,415,0,0,0,252.9,93,42.99,178.4,112,15.16,263.9,105,11.88,9.5,7,2.57,3,0,0.0062345793,NO
140,415,0,0,0,149.7,71,25.45,212.5,97,18.06,245.9,67,11.07,12.6,4,3.4,3,0,0.0012647068,NO
100,415,0,0,0,113.3,96,19.26,197.9,89,16.82,284.5,93,12.8,11.7,2,3.16,4,1,0.9174497,YES
109,408,0,0,0,222.2,113,37.77,218.5,122,18.57,266.0,88,11.97,10.9,5,2.94,1,0,0.38197285,NO
132,408,0,1,36,201.9,93,34.32,156.3,75,13.29,131.3,92,5.91,13.7,5,3.7,0,0,0.0018404741,NO
147,415,1,0,0,225.2,111,38.28,184.9,98,15.72,143.2,146,6.44,9.9,1,2.67,0,1,0.99942005,YES
134,415,0,1,32,216.8,78,36.86,102.2,111,8.69,174.0,83,7.83,8.6,2,2.32,0,0,0.0008513721,NO
149,510,1,0,0,180.9,79,30.75,194.9,83,16.57,197.8,109,8.9,8.8,9,2.38,3,0,0.0008124104,NO
65,408,0,0,0,96.0,95,16.32,117.0,82,9.95,172.9,114,7.78,6.7,3,1.81,3,0,0.0042904057,NO
164,415,0,0,0,123.3,78,20.96,170.0,85,14.45,165.9,78,7.47,12.7,2,3.43,1,0,0.001527,NO
108,510,1,1,36,153.8,105,26.15,246.2,62,20.93,150.9,125,6.79,11.1,4,3.0,1,0,0.004435896,NO
113,415,0,0,0,215.5,129,36.64,218.7,117,18.59,207.1,91,9.32,6.6,9,1.78,4,0,0.006494851,NO
137,510,0,1,20,268.5,91,45.65,128.8,121,10.95,146.4,98,6.59,12.7,6,3.43,1,0,0.00037633962,NO
105,415,0,0,0,204.6,111,34.78,134.4,109,11.42,260.8,69,11.74,5.7,7,1.54,1,0,0.0036094172,NO
72,510,0,0,0,212.7,92,36.16,306.4,100,26.04,140.3,90,6.31,12.9,6,3.48,0,0,0.011076155,NO
138,415,0,1,28,151.0,59,25.67,269.5,122,22.91,179.4,116,8.07,8.9,9,2.4,0,0,8.454272e-05,NO
86,408,0,0,0,178.3,94,30.31,264.4,74,22.47,284.6,109,12.81,15.0,2,4.05,0,0,0.013190191,NO
106,510,0,0,0,194.8,133,33.12,213.4,73,18.14,190.8,92,8.59,11.5,7,3.11,0,0,0.0017641211,NO
118,415,0,0,0,267.8,145,45.53,316.4,121,26.89,208.6,91,9.39,14.4,11,3.89,5,1,0.9960556,YES
96,510,0,0,0,150.0,122,25.5,218.5,116,18.57,212.4,89,9.56,9.8,1,2.65,3,0,0.0045696828,NO
82,408,0,0,0,183.6,111,31.21,303.5,88,25.8,189.8,115,8.54,10.3,6,2.78,0,0,0.019620923,NO
58,510,0,0,0,234.8,89,39.92,106.8,131,9.08,178.5,122,8.03,9.9,6,2.67,0,0,0.0005034872,NO
118,510,0,1,35,256.3,119,43.57,258.1,91,21.94,215.5,130,9.7,11.7,1,3.16,1,0,0.02231311,NO
105,408,1,1,31,172.5,103,29.33,113.6,102,9.66,261.6,104,11.77,10.8,4,2.92,2,0,0.000595192,NO
110,408,0,0,0,162.0,81,27.54,247.5,89,21.04,155.5,99,7.0,8.9,8,2.4,0,0,0.00049493194,NO
98,408,0,0,0,236.2,122,40.15,189.4,110,16.1,153.6,104,6.91,13.3,4,3.59,0,0,0.011002191,NO
138,415,0,0,0,170.5,87,28.99,118.2,116,10.05,187.9,111,8.46,11.2,7,3.02,2,0,0.0005231283,NO
53,510,0,0,0,100.2,85,17.03,213.8,90,18.17,299.8,67,13.49,7.7,4,2.08,3,0,0.009918511,NO
33,415,0,0,0,184.4,111,31.35,203.8,110,17.32,237.4,100,10.68,9.3,5,2.51,3,0,0.007939635,NO
116,408,0,0,0,197.9,84,33.64,168.1,113,14.29,239.8,145,10.79,12.0,6,3.24,1,0,0.0010104746,NO
106,408,0,0,0,52.2,106,8.87,220.1,113,18.71,112.3,95,5.05,11.4,2,3.08,2,0,0.0006545419,NO
104,510,0,0,0,234.2,128,39.81,293.1,92,24.91,183.9,79,8.28,9.8,6,2.65,0,1,0.87878036,YES
86,408,0,1,16,145.7,88,24.77,191.0,129,16.24,215.5,82,9.7,11.3,7,3.05,0,0,0.003001926,NO
83,408,0,0,0,202.3,87,34.39,201.5,111,17.13,101.7,82,4.58,6.8,4,1.84,0,0,0.005371274,NO
61,408,0,0,0,267.1,104,45.41,180.4,131,15.33,230.6,106,10.38,17.3,4,4.67,1,1,0.882298,YES
132,510,0,0,0,121.5,88,20.66,253.0,124,21.51,195.7,120,8.81,10.7,4,2.89,1,0,0.0726672,NO
86,415,0,1,32,70.9,163,12.05,166.7,121,14.17,244.9,105,11.02,11.1,5,3.0,3,0,0.00026047262,NO
79,415,0,0,0,222.3,99,37.79,146.2,82,12.43,275.6,82,12.4,8.9,4,2.4,3,0,0.04634751,NO
136,415,0,0,0,101.7,105,17.29,202.8,99,17.24,136.2,119,6.13,9.4,6,2.54,3,0,0.065039575,NO
122,415,0,0,0,168.3,96,28.61,87.6,91,7.45,247.2,87,11.12,8.4,6,2.27,1,0,0.0010279705,NO
127,415,0,0,0,202.1,103,34.36,229.4,86,19.5,195.2,113,8.78,11.5,3,3.11,2,0,0.06123249,NO
65,510,0,0,0,193.8,113,32.95,151.7,106,12.89,208.9,94,9.4,12.6,3,3.4,3,0,0.00014059416,NO
122,415,1,0,0,49.5,114,8.42,214.1,98,18.2,154.9,120,6.97,10.0,4,2.7,0,0,0.004159154,NO
43,510,0,1,39,188.3,108,32.01,167.6,116,14.25,189.9,92,8.55,15.6,5,4.21,1,0,0.0020916716,NO
67,415,0,1,41,174.7,86,29.7,160.6,93,13.65,155.3,108,6.99,13.4,1,3.62,0,0,0.0122826025,NO
117,408,1,0,0,167.1,86,28.41,177.5,87,15.09,249.4,132,11.22,14.1,7,3.81,2,1,0.99809414,YES
111,415,0,0,0,187.8,107,31.93,246.0,70,20.91,175.9,88,7.92,10.5,7,2.84,0,0,0.027443854,NO
94,415,0,0,0,252.6,104,42.94,169.0,125,14.37,170.9,106,7.69,11.1,7,3.0,2,0,0.0022847457,NO
94,415,0,0,0,108.0,79,18.36,241.9,152,20.56,252.1,92,11.34,10.4,3,2.81,3,0,0.013355601,NO
137,408,0,0,0,205.9,88,35.0,209.3,86,17.79,289.9,84,13.05,14.5,4,3.92,2,0,0.013550754,NO
70,415,0,0,0,101.9,98,17.32,193.3,113,16.43,167.5,126,7.54,15.0,6,4.05,1,0,0.09034168,NO
59,408,0,1,28,120.9,97,20.55,213.0,92,18.11,163.1,116,7.34,8.5,5,2.3,2,0,0.050091065,NO
135,408,0,1,38,202.6,92,34.44,169.6,93,14.42,185.8,108,8.36,11.9,6,3.21,4,0,0.010707513,NO
128,510,0,0,0,268.1,95,45.58,120.5,126,10.24,220.8,121,9.94,14.4,6,3.89,2,0,0.0149455825,NO
178,408,1,0,0,124.5,134,21.17,141.2,78,12.0,268.2,113,12.07,11.4,2,3.08,2,1,0.99744,YES
110,415,0,0,0,149.2,128,25.36,112.8,101,9.59,156.3,111,7.03,12.2,4,3.29,1,0,0.0004665914,NO
142,415,0,0,0,232.5,74,39.53,181.8,142,15.45,203.1,86,9.14,10.4,6,2.81,4,0,0.00019712279,NO
88,415,0,1,37,181.7,88,30.89,237.4,106,20.18,209.1,111,9.41,9.5,5,2.57,2,0,0.004128679,NO
84,510,0,0,0,191.0,88,32.47,318.8,119,27.1,247.3,79,11.13,6.5,4,1.76,0,0,0.007911988,NO
120,415,0,0,0,221.3,106,37.62,267.6,98,22.75,111.5,80,5.02,9.3,7,2.51,0,0,0.0023913612,NO
95,415,0,0,0,269.0,120,45.73,233.7,120,19.86,179.3,61,8.07,7.3,4,1.97,2,1,0.9922734,YES
105,510,0,0,0,212.0,113,36.04,226.6,128,19.26,193.6,114,8.71,8.9,7,2.4,3,0,0.009132375,NO
93,510,0,0,0,328.1,106,55.78,151.7,89,12.89,303.5,114,13.66,8.7,3,2.35,1,1,0.9881604,YES
90,408,1,0,0,221.8,97,37.71,203.8,134,17.32,215.8,154,9.71,8.4,4,2.27,1,0,0.012475505,NO
89,415,0,1,12,188.0,105,31.96,151.3,107,12.86,201.9,132,9.09,10.5,3,2.84,2,0,0.00050676946,NO
158,415,1,0,0,200.0,98,34.0,205.4,106,17.46,323.7,96,14.57,8.9,2,2.4,0,1,0.99940634,YES
177,408,0,1,29,189.0,91,32.13,303.1,96,25.76,163.6,116,7.36,15.7,1,4.24,3,0,0.035879385,NO
97,415,0,0,0,168.6,87,28.66,259.2,105,22.03,279.8,123,12.59,7.3,4,1.97,1,0,0.109679796,NO
106,510,0,1,36,124.8,93,21.22,241.7,83,20.54,219.0,110,9.86,11.3,3,3.05,1,0,0.0019255017,NO
139,415,0,0,0,165.0,132,28.05,249.7,86,21.22,170.3,128,7.66,12.6,8,3.4,1,0,0.004986924,NO
64,510,0,0,0,213.5,93,36.3,166.6,114,14.16,122.0,78,5.49,14.1,3,3.81,3,0,0.0014147296,NO
125,415,0,0,0,190.2,107,32.33,209.2,75,17.78,102.1,136,4.59,14.2,5,3.83,4,1,0.70692617,YES
119,415,0,1,32,186.4,75,31.69,206.9,92,17.59,150.6,80,6.78,12.1,2,3.27,1,0,0.0040006773,NO
100,415,0,0,0,200.7,151,34.12,290.8,127,24.72,186.7,105,8.4,10.2,9,2.75,1,0,0.008683884,NO
57,415,0,0,0,85.9,92,14.6,193.9,127,16.48,231.5,93,10.42,10.1,2,2.73,0,0,0.060763456,NO
145,408,0,1,43,257.7,97,43.81,162.1,95,13.78,286.9,86,12.91,11.1,4,3.0,2,0,0.0027633535,NO
171,510,1,0,0,191.6,83,32.57,181.1,103,15.39,195.3,73,8.79,8.6,3,2.32,3,0,0.013745824,NO
126,415,1,1,34,244.9,118,41.63,219.6,105,18.67,210.8,136,9.49,9.7,6,2.62,4,0,0.016347656,NO
71,415,1,0,0,178.2,113,30.29,167.8,94,14.26,182.1,111,8.19,13.6,3,3.67,3,1,0.9978847,YES
167,415,1,0,0,244.8,91,41.62,60.8,105,5.17,176.7,110,7.95,10.7,3,2.89,2,0,0.028779436,NO
123,510,0,1,23,245.0,88,41.65,265.0,105,22.53,239.7,108,10.79,14.9,3,4.02,2,0,0.017019747,NO
173,510,0,0,0,172.5,78,29.33,142.6,91,12.12,102.0,63,4.59,10.9,2,2.94,0,0,0.12317359,NO
112,510,0,0,0,206.2,122,35.05,164.5,94,13.98,140.3,101,6.31,12.6,7,3.4,3,0,0.0007920665,NO
78,408,0,0,0,157.3,61,26.74,242.0,119,20.57,196.0,107,8.82,10.6,1,2.86,1,0,0.00073651905,NO
102,510,0,1,45,129.2,142,21.96,239.4,114,20.35,223.4,66,10.05,8.7,4,2.35,0,0,0.001519407,NO
165,415,0,0,0,216.6,126,36.82,190.8,104,16.22,224.7,123,10.11,12.4,8,3.35,0,0,0.0024512773,NO
90,408,0,0,0,192.1,80,32.66,269.3,125,22.89,259.6,97,11.68,11.7,4,3.16,2,0,0.1325431,NO
125,415,0,1,25,190.1,133,32.32,181.1,61,15.39,104.0,110,4.68,12.5,3,3.38,2,0,0.0055985963,NO
76,415,0,0,0,224.4,121,38.15,147.9,97,12.57,183.8,74,8.27,6.7,2,1.81,2,0,0.025536068,NO
42,408,0,0,0,241.2,134,41.0,116.5,114,9.9,152.2,91,6.85,10.6,4,2.86,0,0,0.0015236319,NO
11,415,0,0,0,136.6,111,23.22,80.6,78,6.85,201.7,77,9.08,9.9,4,2.67,0,0,0.04543265,NO
88,415,0,0,0,138.7,92,23.58,205.8,73,17.49,247.9,119,11.16,9.8,5,2.65,1,0,0.0077278563,NO
75,415,0,1,42,248.9,93,42.31,170.8,108,14.52,104.5,91,4.7,11.2,8,3.02,1,0,0.00047123412,NO
94,415,0,0,0,195.1,105,33.17,272.4,100,23.15,142.7,102,6.42,11.5,16,3.11,1,0,7.39547e-05,NO
133,510,0,0,0,227.4,90,38.66,73.2,135,6.22,114.3,99,5.14,4.7,7,1.27,0,0,0.0012840818,NO
121,415,0,0,0,273.8,96,46.55,263.1,106,22.36,201.5,83,9.07,10.8,3,2.92,1,1,0.9998447,YES
140,415,0,0,0,125.3,84,21.3,167.6,121,14.25,260.6,94,11.73,8.4,4,2.27,1,0,0.027529614,NO
104,408,0,0,0,138.7,107,23.58,256.9,113,21.84,234.9,74,10.57,10.0,3,2.7,0,0,0.009025558,NO
51,415,0,0,0,183.1,99,31.13,160.1,107,13.61,311.8,121,14.03,7.0,3,1.89,1,0,0.004334629,NO
90,415,0,0,0,189.1,104,32.15,313.9,124,26.68,227.9,128,10.26,8.2,2,2.21,1,0,0.039782826,NO
112,510,0,0,0,194.4,101,33.05,190.3,82,16.18,183.4,107,8.25,11.4,2,3.08,0,0,0.0064214217,NO
117,510,1,0,0,54.2,100,9.21,303.2,84,25.77,171.8,84,7.73,8.6,2,2.32,1,1,0.9982895,YES
45,415,1,0,0,189.6,96,32.23,171.7,69,14.59,222.0,102,9.99,13.9,7,3.75,1,1,0.999015,YES
120,510,0,1,27,128.5,115,21.85,163.7,91,13.91,242.9,121,10.93,0.0,0,0.0,1,0,0.0011310348,NO
102,510,0,0,0,171.6,116,29.17,219.4,111,18.65,242.1,85,10.89,12.1,4,3.27,0,1,0.014910747,NO
57,510,0,1,37,69.5,94,11.82,220.9,76,18.78,218.5,113,9.83,11.9,3,3.21,0,0,0.0009016173,NO
143,510,0,0,0,133.4,107,22.68,223.9,117,19.03,180.4,85,8.12,10.2,13,2.75,1,0,0.012175296,NO
126,415,0,0,0,190.9,143,32.45,149.7,72,12.72,191.4,87,8.61,13.0,3,3.51,1,0,0.00049754465,NO
133,415,0,0,0,143.8,71,24.45,184.0,131,15.64,275.5,132,12.4,12.9,4,3.48,3,0,0.17917415,NO
88,415,0,0,0,183.5,93,31.2,170.5,80,14.49,193.8,88,8.72,8.3,5,2.24,3,0,0.023521874,NO
140,408,0,0,0,112.8,89,19.18,156.7,65,13.32,249.6,85,11.23,16.3,6,4.4,0,0,0.00051127473,NO
73,415,0,0,0,224.4,90,38.15,159.5,88,13.56,192.8,74,8.68,13.0,2,3.51,1,0,0.0029457593,NO
124,415,0,0,0,167.4,119,28.46,233.2,143,19.82,109.6,115,4.93,10.3,5,2.78,0,0,0.0041881204,NO
151,415,1,0,0,198.7,70,33.78,209.5,106,17.81,281.9,126,12.69,12.4,4,3.35,0,0,0.0025278714,NO
93,415,1,1,20,187.5,110,31.88,169.8,94,14.43,175.3,127,7.89,12.1,4,3.27,1,0,0.00040037057,NO
37,415,1,0,0,106.6,76,18.12,147.4,89,12.53,235.8,113,10.61,9.6,8,2.59,2,0,0.00075879693,NO
113,510,0,0,0,155.0,93,26.35,330.6,106,28.1,189.4,123,8.52,13.5,3,3.65,1,0,0.0346115,NO
156,510,0,0,0,123.7,96,21.03,103.0,80,8.76,189.4,82,8.52,13.1,4,3.54,1,0,0.0015387163,NO
63,415,0,0,0,180.5,126,30.69,230.0,98,19.55,232.5,73,10.46,10.6,3,2.86,0,0,0.04908473,NO
84,415,0,0,0,159.0,80,27.03,167.9,128,14.27,167.6,101,7.54,12.3,5,3.32,1,0,0.011521353,NO
159,408,0,0,0,180.1,103,30.62,193.4,148,16.44,251.2,109,11.3,13.4,5,3.62,0,0,0.031646285,NO
96,415,0,1,27,261.3,96,44.42,220.9,101,18.78,179.4,97,8.07,11.3,2,3.05,1,0,0.008218069,NO
115,415,0,0,0,195.9,111,33.3,227.0,108,19.3,313.2,113,14.09,13.2,1,3.56,2,0,0.015874634,NO
92,510,0,0,0,222.4,105,37.81,164.0,129,13.94,233.3,113,10.5,9.9,8,2.67,1,0,0.0015142859,NO
142,408,1,1,23,102.2,103,17.37,229.7,110,19.52,176.3,100,7.93,9.0,4,2.43,1,0,0.003857701,NO
112,415,0,0,0,174.3,123,29.63,140.2,124,11.92,215.4,89,9.69,9.0,6,2.43,4,1,0.97117114,YES
199,415,0,1,34,230.6,121,39.2,219.4,99,18.65,299.3,94,13.47,8.0,2,2.16,0,0,0.006747261,NO
63,408,0,1,25,190.0,137,32.3,116.6,76,9.91,141.5,110,6.37,12.2,2,3.29,1,0,0.002312436,NO
73,415,0,0,0,203.3,45,34.56,141.9,87,12.06,200.7,71,9.03,8.5,6,2.3,0,0,0.06731079,NO
160,415,0,0,0,256.0,111,43.52,187.4,61,15.93,119.1,81,5.36,11.5,4,3.11,3,0,0.009482923,NO
65,408,0,0,0,158.3,71,26.91,168.3,119,14.31,139.9,119,6.3,6.6,6,1.78,2,0,0.0149286315,NO
138,408,0,0,0,241.8,93,41.11,170.5,83,14.49,295.3,104,13.29,11.8,7,3.19,3,0,0.051500406,NO
105,510,0,0,0,140.6,109,23.9,178.6,51,15.18,217.0,83,9.76,6.8,3,1.84,2,0,0.0007111605,NO
182,415,0,0,0,69.1,114,11.75,230.3,109,19.58,256.7,96,11.55,6.5,4,1.76,0,0,0.0013734291,NO
138,510,0,0,0,146.5,101,24.91,284.5,142,24.18,176.0,98,7.92,14.0,6,3.78,3,0,0.0018078422,NO
80,415,0,0,0,268.7,120,45.68,301.0,147,25.59,167.0,140,7.52,5.8,1,1.57,2,1,0.9601595,YES
39,415,0,0,0,295.4,126,50.22,232.1,117,19.73,204.4,123,9.2,11.5,2,3.11,1,1,0.9997178,YES
66,415,0,0,0,205.1,102,34.87,232.7,109,19.78,259.9,95,11.7,9.2,6,2.48,2,0,0.122878864,NO
84,408,0,0,0,127.7,81,21.71,188.4,84,16.01,260.0,125,11.7,4.7,6,1.27,1,0,0.09393962,NO
177,415,0,1,21,234.0,108,39.78,238.0,61,20.23,201.9,125,9.09,8.8,4,2.38,0,0,0.00024119807,NO
120,408,0,0,0,98.2,99,16.69,186.7,85,15.87,146.7,96,6.6,9.3,4,2.51,2,0,0.01498834,NO
123,415,0,0,0,242.2,87,41.17,226.1,101,19.22,268.6,121,12.09,8.2,3,2.21,5,1,0.31831288,NO
64,415,0,1,43,118.4,100,20.13,144.1,108,12.25,158.1,91,7.11,8.5,6,2.3,1,0,0.008826222,NO
107,408,0,0,0,86.8,95,14.76,108.1,85,9.19,204.3,87,9.19,13.2,3,3.56,1,0,0.0009300072,NO
117,415,0,0,0,118.4,126,20.13,249.3,97,21.19,227.0,56,10.22,13.6,3,3.67,5,1,0.9987394,YES
134,415,0,1,32,224.0,75,38.08,97.5,103,8.29,211.6,80,9.52,10.7,5,2.89,2,0,0.052167103,NO
44,510,0,0,0,189.7,122,32.25,178.9,72,15.21,244.7,93,11.01,9.8,5,2.65,0,0,0.0031425357,NO
92,415,1,1,45,281.1,88,47.79,198.0,103,16.83,94.3,76,4.24,7.5,3,2.03,0,0,0.08077471,NO
76,408,0,0,0,208.5,124,35.45,173.0,117,14.71,221.1,95,9.95,9.8,3,2.65,0,0,0.007003954,NO
80,415,0,0,0,113.2,86,19.24,185.5,97,15.77,237.3,145,10.68,9.5,5,2.57,1,0,0.0036847459,NO
88,415,0,0,0,148.2,82,25.19,308.7,67,26.24,235.4,79,10.59,6.4,4,1.73,2,0,0.004728203,NO
73,510,0,1,33,217.7,108,37.01,245.7,106,20.88,242.9,100,10.93,8.8,6,2.38,1,0,0.040036913,NO
177,408,0,0,0,189.5,99,32.22,176.3,117,14.99,225.9,112,10.17,14.2,2,3.83,1,0,0.016209926,NO
156,415,0,0,0,162.6,113,27.64,260.2,90,22.12,214.7,93,9.66,10.9,2,2.94,0,0,0.0058690347,NO
66,415,0,0,0,180.4,99,30.67,135.1,114,11.48,206.0,98,9.27,9.5,6,2.57,1,0,0.00221515,NO
94,408,0,0,0,157.5,97,26.78,224.5,112,19.08,310.8,106,13.99,11.1,6,3.0,0,0,0.018627135,NO
5,415,0,0,0,199.2,106,33.86,187.3,12,15.92,214.0,85,9.63,13.3,3,3.59,3,0,0.0033770874,NO
127,510,0,0,0,223.2,137,37.94,144.7,119,12.3,96.0,109,4.32,8.6,4,2.32,2,0,0.0010299918,NO
104,415,0,0,0,113.6,87,19.31,158.6,98,13.48,187.7,87,8.45,10.5,6,2.84,2,0,0.005109454,NO
90,415,0,0,0,114.4,122,19.45,127.7,154,10.85,253.1,109,11.39,10.1,5,2.73,2,0,0.012374206,NO
70,510,1,0,0,226.7,98,38.54,228.1,115,19.39,73.2,93,3.29,17.6,4,4.75,2,1,0.9992368,YES
120,510,0,0,0,147.7,101,25.11,144.1,71,12.25,237.0,115,10.67,11.1,5,3.0,0,0,0.012436036,NO
106,408,0,0,0,193.6,66,32.91,238.2,82,20.25,176.4,107,7.94,12.9,3,3.48,0,0,0.00028140692,NO
81,415,0,1,28,167.9,147,28.54,190.7,105,16.21,193.0,103,8.69,9.2,6,2.48,4,1,0.84633976,YES
136,408,0,0,0,142.3,79,24.19,158.0,113,13.43,177.5,75,7.99,6.0,11,1.62,2,0,0.0009330187,NO
84,408,0,0,0,217.1,99,36.91,236.0,68,20.06,118.3,120,5.32,9.4,4,2.54,1,0,0.030417012,NO
76,415,0,1,41,212.6,110,36.14,172.7,97,14.68,186.3,78,8.38,10.1,5,2.73,0,0,0.020467073,NO
78,415,0,0,0,149.7,119,25.45,182.2,115,15.49,261.5,126,11.77,9.7,8,2.62,0,0,0.0258291,NO
122,408,0,0,0,231.2,141,39.3,267.8,136,22.76,240.3,100,10.81,8.8,5,2.38,1,1,0.96598935,YES
185,408,0,1,29,151.1,121,25.69,244.7,88,20.8,154.4,91,6.95,13.8,2,3.73,2,0,0.0075294967,NO
104,408,0,0,0,183.6,133,31.21,120.7,98,10.26,215.1,112,9.68,12.7,2,3.43,1,0,0.00033399506,NO
88,415,1,1,25,288.5,114,49.05,203.4,74,17.29,228.4,117,10.28,13.0,5,3.51,1,0,0.62302196,YES
74,415,0,0,0,162.7,102,27.66,292.0,105,24.82,183.3,80,8.25,8.7,6,2.35,0,0,0.0042754044,NO
107,408,0,0,0,134.0,104,22.78,174.5,94,14.83,311.1,79,14.0,7.3,3,1.97,3,0,0.013413532,NO
161,510,0,1,38,240.4,112,40.87,201.8,102,17.15,206.1,112,9.27,16.1,6,4.35,0,0,0.0128969895,NO
63,415,0,1,19,163.0,75,27.71,238.4,103,20.26,171.8,100,7.73,11.3,3,3.05,3,0,0.00294909,NO
107,510,1,0,0,194.4,83,33.05,247.8,84,21.06,245.4,93,11.04,11.2,7,3.02,2,0,0.001731659,NO
73,415,0,0,0,160.1,110,27.22,213.3,72,18.13,174.1,72,7.83,13.0,4,3.51,0,0,0.026882632,NO
52,415,0,0,0,165.5,78,28.14,205.5,89,17.47,213.6,124,9.61,12.2,6,3.29,0,0,0.0010955819,NO
113,415,0,1,23,205.0,101,34.85,152.0,60,12.92,158.6,59,7.14,10.2,5,2.75,2,0,0.00018412221,NO
97,415,0,0,0,245.2,109,41.68,165.5,152,14.07,159.2,96,7.16,9.1,8,2.46,1,0,0.00012700124,NO
55,510,0,0,0,119.7,148,20.35,231.8,96,19.7,222.3,113,10.0,4.6,2,1.24,2,0,0.0036745074,NO
98,415,0,0,0,221.2,80,37.6,213.6,104,18.16,291.8,89,13.13,11.9,3,3.21,4,0,0.003030362,NO
174,415,0,0,0,72.2,80,12.27,173.4,81,14.74,130.1,121,5.85,11.0,5,2.97,2,0,0.010868571,NO
166,415,0,0,0,220.7,106,37.52,177.8,118,15.11,206.1,102,9.27,12.4,9,3.35,1,0,0.025968337,NO
130,415,0,0,0,212.8,102,36.18,189.8,137,16.13,170.1,105,7.65,10.6,4,2.86,0,1,0.045212522,NO
91,408,0,0,0,133.7,75,22.73,195.3,87,16.6,280.5,89,12.62,5.9,2,1.59,0,0,0.0017000336,NO
156,408,0,0,0,174.3,95,29.63,186.6,128,15.86,258.2,105,11.62,12.9,5,3.48,3,0,0.14129452,NO
98,510,0,0,0,167.0,60,28.39,125.1,65,10.63,262.5,100,11.81,8.9,2,2.4,1,0,0.044789787,NO
92,408,0,0,0,265.6,82,45.15,180.7,75,15.36,211.1,113,9.5,8.6,2,2.32,1,0,0.34363836,NO
76,415,0,0,0,263.4,148,44.78,230.3,69,19.58,170.6,101,7.68,11.4,5,3.08,1,1,0.8098019,YES
116,408,0,0,0,146.4,123,24.89,176.6,113,15.01,212.6,102,9.57,7.8,5,2.11,1,0,0.026643299,NO
79,510,0,0,0,157.6,85,26.79,194.1,92,16.5,231.5,86,10.42,9.4,10,2.54,5,1,0.68750244,YES
78,510,0,1,26,189.0,98,32.13,191.7,67,16.29,217.0,68,9.76,11.3,3,3.05,0,0,0.0038333759,NO
44,415,0,0,0,225.6,118,38.35,135.4,122,11.51,190.1,96,8.55,12.1,5,3.27,1,0,0.00513654,NO
115,510,0,0,0,99.7,107,16.95,145.1,96,12.33,149.4,99,6.72,14.1,4,3.81,2,0,0.005952429,NO
156,408,1,0,0,277.0,119,47.09,238.3,106,20.26,94.4,96,4.25,8.3,3,2.24,1,0,0.51265013,YES
80,510,0,0,0,149.8,123,25.47,276.3,75,23.49,241.4,75,10.86,10.9,7,2.94,2,0,0.007108177,NO
113,408,0,0,0,193.8,99,32.95,221.4,125,18.82,172.3,67,7.75,10.6,6,2.86,1,0,0.02695046,NO
81,408,0,0,0,166.2,102,28.25,217.6,112,18.5,220.2,68,9.91,13.2,2,3.56,4,0,0.0009065766,NO
43,415,0,0,0,165.8,96,28.19,132.0,105,11.22,323.2,62,14.54,10.7,6,2.89,0,0,0.011448375,NO
93,415,0,1,32,116.9,120,19.87,232.4,97,19.75,127.7,112,5.75,11.0,9,2.97,0,0,0.00039787576,NO
95,415,0,0,0,198.4,113,33.73,235.9,144,20.05,325.6,99,14.65,10.1,3,2.73,0,0,0.091325365,NO
54,408,0,0,0,159.8,99,27.17,264.0,64,22.44,115.7,70,5.21,9.7,7,2.62,2,0,0.0004289512,NO
123,415,0,1,22,197.6,105,33.59,80.0,86,6.8,120.8,82,5.44,15.6,12,4.21,2,0,0.00018280045,NO
94,415,0,0,0,145.4,92,24.72,172.8,103,14.69,183.9,43,8.28,9.3,3,2.51,2,0,0.012266965,NO
73,415,0,0,0,192.2,86,32.67,168.6,116,14.33,139.8,87,6.29,9.4,6,2.54,1,0,0.0033508309,NO
84,415,0,0,0,109.1,114,18.55,231.4,113,19.67,274.0,112,12.33,9.6,4,2.59,0,0,0.015310674,NO
100,510,0,0,0,216.2,107,36.75,215.6,84,18.33,138.4,127,6.23,10.2,3,2.75,0,0,0.0026952622,NO
48,408,0,1,26,192.9,60,32.79,179.2,87,15.23,185.5,137,8.35,18.7,7,5.05,0,0,7.329208e-05,NO
11,408,0,1,24,131.5,98,22.36,230.2,111,19.57,283.7,87,12.77,10.0,3,2.7,2,0,0.00068569946,NO
121,510,0,1,28,110.0,94,18.7,141.5,76,12.03,237.3,87,10.68,6.4,3,1.73,2,0,0.00048707973,NO
98,408,0,0,0,169.9,77,28.88,138.3,155,11.76,142.6,105,6.42,8.5,7,2.3,1,0,0.0009835126,NO
90,408,0,0,0,235.0,77,39.95,267.3,94,22.72,222.1,119,9.99,5.3,4,1.43,3,1,0.95282525,YES
114,415,0,1,26,137.1,88,23.31,155.7,125,13.23,247.6,94,11.14,11.5,7,3.11,2,0,0.00042873618,NO
140,415,0,0,0,129.6,79,22.03,246.2,99,20.93,172.1,124,7.74,9.4,10,2.54,3,0,0.005062066,NO
33,408,0,0,0,251.9,81,42.82,194.6,96,16.54,211.2,87,9.5,8.4,3,2.27,2,0,0.031766497,NO
86,415,0,0,0,194.2,98,33.01,193.8,95,16.47,192.0,123,8.64,9.3,7,2.51,3,0,0.00423488,NO
102,415,0,0,0,144.4,87,24.55,266.5,128,22.65,217.6,59,9.79,7.1,7,1.92,0,0,0.00021677624,NO
72,408,0,1,31,221.4,124,37.64,313.4,96,26.64,175.9,94,7.92,11.8,1,3.19,3,0,0.0020560152,NO
116,510,0,0,0,164.6,110,27.98,270.6,103,23.0,230.4,109,10.37,8.0,3,2.16,0,0,0.002058437,NO
89,415,0,0,0,115.4,99,19.62,209.9,115,17.84,280.9,112,12.64,15.9,6,4.29,3,0,0.11990904,NO
178,510,0,0,0,179.7,112,30.55,276.6,91,23.51,169.7,101,7.64,10.1,7,2.73,3,0,0.00535673,NO
121,415,0,0,0,134.1,112,22.8,195.1,104,16.58,159.6,139,7.18,10.5,2,2.84,2,0,0.010999515,NO
129,415,0,0,0,159.1,100,27.05,202.5,90,17.21,233.1,96,10.49,11.5,6,3.11,2,0,0.0042574625,NO
77,415,0,0,0,251.8,72,42.81,205.7,126,17.48,275.2,109,12.38,9.8,7,2.65,2,1,0.48381248,NO
127,408,0,0,0,271.2,110,46.1,213.5,80,18.15,201.8,102,9.08,13.2,4,3.56,0,1,0.9979705,YES
167,510,0,0,0,191.5,93,32.56,163.8,76,13.92,189.1,103,8.51,14.1,9,3.81,1,0,0.004110794,NO
130,415,0,0,0,176.9,109,30.07,90.7,104,7.71,238.0,69,10.71,9.5,2,2.57,1,0,0.0023878976,NO
97,408,0,0,0,276.1,82,46.94,201.1,106,17.09,231.3,73,10.41,8.9,4,2.4,0,1,0.9997143,YES
109,510,0,0,0,153.1,102,26.03,234.1,77,19.9,329.2,74,14.81,9.9,9,2.67,3,0,0.00061373826,NO
28,415,0,0,0,159.7,79,27.15,216.7,131,18.42,206.7,116,9.3,9.3,3,2.51,2,0,0.023485485,NO
57,415,1,1,17,236.5,94,40.21,163.1,94,13.86,236.7,117,10.65,12.2,3,3.29,2,0,0.000796319,NO
61,408,0,0,0,140.8,126,23.94,212.5,115,18.06,141.7,79,6.38,6.4,5,1.73,4,1,0.9969093,YES
50,510,0,0,0,131.7,108,22.39,216.5,103,18.4,196.1,126,8.82,11.0,5,2.97,1,0,0.013296058,NO
117,415,0,0,0,226.5,85,38.51,141.6,68,12.04,223.0,90,10.04,6.9,5,1.86,1,0,0.0049879793,NO
171,415,0,0,0,231.2,135,39.3,188.7,74,16.04,206.9,124,9.31,12.3,1,3.32,1,0,0.011263811,NO
122,415,0,0,0,180.0,88,30.6,145.0,77,12.33,233.7,120,10.52,11.5,6,3.11,2,0,0.005355673,NO
55,415,0,1,20,207.7,91,35.31,199.7,113,16.97,216.5,110,9.74,7.3,1,1.97,1,0,0.0018251619,NO
181,415,0,1,27,190.3,93,32.35,249.0,127,21.17,215.7,82,9.71,10.6,4,2.86,1,0,0.035431795,NO
77,415,0,0,0,169.4,102,28.8,184.9,144,15.72,234.3,89,10.54,2.0,7,0.54,1,0,0.0016027602,NO
120,510,0,1,43,177.9,117,30.24,175.1,70,14.88,161.3,117,7.26,11.5,4,3.11,1,0,0.27053803,NO
134,415,0,0,0,7.8,86,1.33,171.4,100,14.57,186.5,80,8.39,12.9,2,3.48,2,0,0.0073835924,NO
54,415,0,1,33,161.8,73,27.51,273.0,58,23.21,153.9,76,6.93,13.7,4,3.7,0,0,0.00044128174,NO
225,415,0,0,0,165.4,106,28.12,273.7,109,23.26,210.0,93,9.45,8.7,3,2.35,0,1,0.00338553,NO
65,415,0,0,0,217.9,89,37.04,238.8,101,20.3,194.4,105,8.75,6.6,4,1.78,0,0,0.027207775,NO
24,415,0,0,0,235.6,132,40.05,115.9,129,9.85,185.4,136,8.34,16.2,2,4.37,0,0,0.0023087163,NO
103,408,0,0,0,147.3,81,25.04,158.4,88,13.46,193.8,103,8.72,11.0,3,2.97,2,0,0.0070915786,NO
13,415,0,0,0,58.4,121,9.93,262.2,64,22.29,159.0,115,7.15,11.9,5,3.21,1,0,0.0005588346,NO
185,510,0,1,31,189.8,126,32.27,163.3,133,13.88,264.8,126,11.92,7.5,3,2.03,1,0,0.102892175,NO
95,415,0,0,0,183.4,98,31.18,281.3,95,23.91,105.2,113,4.73,8.2,8,2.21,1,0,0.00012261588,NO
105,408,0,0,0,270.9,98,46.05,226.2,110,19.23,178.8,60,8.05,8.8,5,2.38,0,1,0.9986444,YES
77,408,1,0,0,192.7,82,32.76,198.0,91,16.83,204.2,95,9.19,9.0,6,2.43,1,0,0.00083477003,NO
113,415,1,0,0,122.2,112,20.77,131.7,94,11.19,169.5,106,7.63,10.3,9,2.78,5,1,0.99905175,YES
52,408,0,0,0,288.2,108,48.99,129.6,136,11.02,229.6,73,10.33,9.6,5,2.59,4,0,0.7898816,YES
104,408,0,0,0,278.4,106,47.33,81.0,113,6.89,163.2,137,7.34,9.8,5,2.65,1,0,0.00056000386,NO
87,408,0,0,0,237.2,124,40.32,222.6,87,18.92,173.3,81,7.8,11.0,3,2.97,1,0,0.0134783145,NO
166,415,0,0,0,203.4,81,34.58,167.7,110,14.25,132.0,124,5.94,9.2,5,2.48,2,0,0.028641723,NO
112,415,0,0,0,166.0,79,28.22,74.6,100,6.34,247.9,74,11.16,6.3,7,1.7,0,0,0.00065290235,NO
108,510,1,0,0,137.3,68,23.34,143.8,94,12.22,238.7,101,10.74,8.9,1,2.4,1,1,0.99973255,YES
144,415,0,0,0,201.1,99,34.19,303.5,74,25.8,224.0,119,10.08,13.2,2,3.56,1,0,0.173446,NO
101,510,0,0,0,0.0,0,0.0,192.1,119,16.33,168.8,95,7.6,7.2,4,1.94,1,0,0.00051219494,NO
130,408,0,1,30,185.0,117,31.45,249.5,141,21.21,157.8,103,7.1,7.4,7,2.0,0,0,0.0077733765,NO
89,415,0,0,0,82.3,77,13.99,167.2,80,14.21,194.7,70,8.76,7.2,4,1.94,1,0,0.039901074,NO
65,408,0,0,0,187.9,116,31.94,157.6,117,13.4,227.3,86,10.23,7.5,6,2.03,1,0,0.010727929,NO
87,510,0,0,0,234.8,85,39.92,140.9,91,11.98,204.3,93,9.19,9.5,5,2.57,1,0,0.005645253,NO
72,415,0,1,27,111.7,68,18.99,252.8,106,21.49,255.5,109,11.5,7.8,4,2.11,1,0,0.008597654,NO
98,415,0,0,0,162.5,81,27.63,159.2,114,13.53,157.2,97,7.07,9.7,1,2.62,2,0,0.0009590673,NO
91,510,1,0,0,103.2,100,17.54,124.8,154,10.61,336.1,111,15.12,14.0,4,3.78,2,1,0.99848014,YES
111,415,0,0,0,181.8,117,30.91,158.1,91,13.44,266.2,123,11.98,9.7,9,2.62,0,0,0.0023389906,NO
96,510,0,0,0,182.6,75,31.04,188.6,67,16.03,137.7,81,6.2,9.5,3,2.57,5,1,0.26592645,NO
63,415,0,0,0,112.5,95,19.13,211.2,67,17.95,227.5,96,10.24,11.1,8,3.0,0,0,0.0032902635,NO
24,408,0,1,29,236.3,105,40.17,190.8,114,16.22,129.0,105,5.81,7.2,2,1.94,3,0,0.02485876,NO
1,510,0,1,26,69.7,84,11.85,250.4,79,21.28,230.2,122,10.36,8.3,3,2.24,2,0,0.0058144745,NO
144,510,1,1,35,174.8,127,29.72,219.6,93,18.67,255.8,90,11.51,12.8,3,3.46,0,0,0.0012758699,NO
127,408,0,0,0,139.6,94,23.73,240.9,112,20.48,127.1,88,5.72,8.8,4,2.38,2,0,0.0007779629,NO
70,415,0,0,0,213.4,86,36.28,204.7,77,17.4,256.6,101,11.55,5.7,4,1.54,1,0,0.055400852,NO
120,510,0,0,0,198.8,56,33.8,230.1,73,19.56,119.8,81,5.39,9.9,3,2.67,2,0,0.0009766025,NO
125,408,0,0,0,113.0,108,19.21,169.2,107,14.38,156.6,61,7.05,9.2,5,2.48,2,1,0.011714713,NO
209,415,0,0,0,227.2,128,38.62,258.4,92,21.96,183.5,74,8.26,8.9,4,2.4,3,0,0.9915822,YES
113,408,0,1,30,208.9,87,35.51,145.2,89,12.34,198.2,77,8.92,14.9,5,4.02,2,0,0.008978998,NO
51,415,1,0,0,153.6,108,26.11,232.9,85,19.8,214.2,92,9.64,14.1,4,3.81,0,1,0.99488235,YES
113,415,0,0,0,61.2,111,10.4,92.3,88,7.85,197.4,114,8.88,13.7,3,3.7,5,1,0.9996438,YES
65,510,0,0,0,153.9,117,26.16,220.1,122,18.71,280.5,147,12.62,8.5,3,2.3,2,0,0.014485068,NO
29,408,0,0,0,196.8,81,33.46,168.0,110,14.28,132.6,98,5.97,12.7,7,3.43,2,0,0.001465955,NO
36,408,0,1,43,29.9,123,5.08,129.1,117,10.97,325.9,105,14.67,8.6,6,2.32,2,0,0.010084021,NO
129,510,0,1,27,196.6,89,33.42,180.6,95,15.35,245.0,83,11.03,6.6,5,1.78,1,0,0.003432157,NO
161,415,1,0,0,156.1,114,26.54,180.3,63,15.33,179.6,115,8.08,11.1,9,3.0,2,0,0.036737636,NO
65,415,0,0,0,189.3,74,32.18,205.3,90,17.45,228.2,78,10.27,8.5,13,2.3,3,0,0.0034633873,NO
170,510,1,0,0,259.9,68,44.18,245.0,122,20.83,134.4,121,6.05,8.4,3,2.27,3,0,0.42444676,NO
66,415,0,1,36,106.7,76,18.14,209.8,77,17.83,190.4,117,8.57,12.1,2,3.27,1,0,0.3053382,NO
25,408,0,0,0,178.8,90,30.4,141.2,72,12.0,203.0,99,9.14,8.4,5,2.27,2,0,0.0054104216,NO
99,415,0,0,0,62.9,81,10.69,231.0,64,19.64,168.9,121,7.6,8.5,5,2.3,1,0,0.0017384827,NO
190,415,0,0,0,142.9,96,24.29,177.9,96,15.12,113.3,117,5.1,6.6,4,1.78,0,0,0.023590578,NO
142,415,0,1,26,220.5,94,37.49,239.5,126,20.36,254.3,109,11.44,5.9,9,1.59,2,0,0.0038199285,NO
196,415,0,0,0,234.0,109,39.78,249.5,114,21.21,173.1,70,7.79,9.1,5,2.46,2,0,0.6681736,YES
56,510,0,0,0,253.2,95,43.04,188.0,116,15.98,142.0,133,6.39,4.4,4,1.19,1,0,0.004790345,NO
94,408,0,1,38,170.1,124,28.92,193.3,116,16.43,105.9,73,4.77,12.8,4,3.46,1,0,0.0039435653,NO
78,510,1,0,0,198.9,93,33.81,210.6,86,17.9,252.1,99,11.34,14.4,12,3.89,0,1,0.9951651,YES
42,510,0,0,0,139.4,109,23.7,223.8,121,19.02,244.9,105,11.02,4.6,3,1.24,1,0,0.0028322912,NO
90,408,0,1,31,118.5,92,20.15,257.9,76,21.92,186.2,96,8.38,9.0,6,2.43,1,0,0.0009315618,NO
69,510,0,0,0,135.4,101,23.02,238.1,124,20.24,195.6,102,8.8,10.6,2,2.86,1,0,0.014962075,NO
172,408,0,0,0,270.0,102,45.9,256.6,111,21.81,168.5,104,7.58,12.0,5,3.24,2,1,0.9996063,YES
71,510,0,0,0,290.4,108,49.37,253.9,92,21.58,263.3,126,11.85,10.1,5,2.73,3,1,0.9999695,YES
144,510,1,0,0,203.5,100,34.6,247.6,103,21.05,194.3,94,8.74,11.9,11,3.21,0,0,0.0027837958,NO
116,408,0,1,19,155.7,104,26.47,185.4,118,15.76,192.7,116,8.67,8.2,2,2.21,3,0,0.0061293803,NO
106,510,0,0,0,210.6,96,35.8,249.2,85,21.18,191.4,88,8.61,12.4,1,3.35,2,1,0.010031752,NO
174,510,0,0,0,235.5,108,40.04,142.3,143,12.1,316.7,131,14.25,12.5,5,3.38,0,0,0.004712101,NO
91,415,0,0,0,153.2,70,26.04,231.7,91,19.69,115.1,80,5.18,9.8,3,2.65,4,1,0.96493095,YES
94,415,0,0,0,220.8,111,37.54,156.2,67,13.28,187.9,89,8.46,10.5,4,2.84,2,0,0.021020943,NO
57,415,0,1,33,193.4,105,32.88,231.6,79,19.69,226.2,90,10.18,11.1,11,3.0,2,0,0.00021229062,NO
103,415,0,0,0,222.9,129,37.89,205.0,87,17.43,141.3,99,6.36,9.9,2,2.67,1,0,0.0016614958,NO
105,408,0,0,0,141.8,85,24.11,191.3,101,16.26,133.6,126,6.01,10.9,3,2.94,1,0,0.0052534486,NO
131,415,0,0,0,211.8,115,36.01,260.5,102,22.14,144.2,96,6.49,10.8,7,2.92,0,0,0.07557545,NO
25,415,0,0,0,134.3,98,22.83,202.3,109,17.2,195.9,100,8.82,12.6,5,3.4,2,0,0.0011083373,NO
16,510,0,0,0,153.2,65,26.04,229.7,90,19.52,148.2,94,6.67,10.7,8,2.89,1,0,0.0059636035,NO
78,510,0,0,0,140.0,84,23.8,216.8,73,18.43,224.5,102,10.1,9.0,6,2.43,2,0,0.0024977243,NO
106,415,0,1,31,197.4,125,33.56,123.4,110,10.49,115.6,101,5.2,12.3,4,3.32,3,0,0.0022045004,NO
109,415,1,1,46,165.2,85,28.08,136.0,92,11.56,184.8,100,8.32,11.9,5,3.21,1,0,0.0017102552,NO
27,510,0,0,0,226.3,95,38.47,274.3,109,23.32,242.7,119,10.92,8.2,3,2.21,2,1,0.94817567,YES
94,510,1,1,23,197.1,125,33.51,214.5,136,18.23,282.2,103,12.7,9.5,5,2.57,4,0,0.04673546,NO
78,415,1,0,0,176.6,107,30.02,179.4,98,15.25,178.2,80,8.02,16.6,5,4.48,2,1,0.99746823,YES
112,510,0,0,0,243.4,77,41.38,182.1,97,15.48,259.2,94,11.66,12.8,2,3.46,1,0,0.26949733,NO
89,510,0,0,0,303.9,95,51.66,260.9,114,22.18,312.1,89,14.04,5.3,3,1.43,1,1,0.999915,YES
109,415,0,0,0,195.4,104,33.22,204.9,91,17.42,230.2,95,10.36,14.0,4,3.78,0,0,0.00213391,NO
137,510,0,0,0,147.2,119,25.02,192.8,91,16.39,172.7,105,7.77,10.2,4,2.75,1,0,0.026338132,NO
194,408,0,0,0,48.4,101,8.23,281.1,138,23.89,218.5,87,9.83,18.2,1,4.91,1,0,0.0022975795,NO
90,415,0,0,0,76.1,121,12.94,290.3,73,24.68,236.9,89,10.66,10.8,3,2.92,0,0,0.00047711196,NO
164,510,0,0,0,160.6,111,27.3,163.2,126,13.87,187.1,112,8.42,9.0,3,2.43,1,0,0.010563141,NO
83,415,0,0,0,231.3,100,39.32,210.4,84,17.88,217.4,106,9.78,12.4,2,3.35,3,0,0.013070244,NO
189,408,0,0,0,227.4,84,38.66,176.0,81,14.96,206.1,120,9.27,6.3,4,1.7,2,0,0.008697688,NO
146,510,1,0,0,204.4,135,34.75,219.1,90,18.62,222.7,114,10.02,10.5,6,2.84,3,0,0.0036685264,NO
112,415,0,0,0,193.3,96,32.86,264.1,123,22.45,128.6,115,5.79,9.1,3,2.46,4,0,0.026403662,NO
108,510,1,0,0,86.1,97,14.64,227.9,101,19.37,225.8,102,10.16,9.1,3,2.46,3,0,0.001054992,NO
101,415,0,0,0,206.6,105,35.12,224.9,117,19.12,249.9,100,11.25,14.6,3,3.94,0,0,0.017145239,NO
97,415,0,0,0,164.3,106,27.93,182.3,97,15.5,183.9,93,8.28,12.1,2,3.27,1,0,0.0029076901,NO
126,408,1,0,0,197.6,126,33.59,246.5,112,20.95,285.3,104,12.84,12.5,8,3.38,2,0,0.0032911927,NO
80,415,0,0,0,195.6,111,33.25,221.5,122,18.83,182.0,89,8.19,10.8,1,2.92,1,0,0.011823372,NO
90,408,0,0,0,160.9,97,27.35,136.4,46,11.59,209.0,121,9.4,9.1,4,2.46,2,0,0.0038069692,NO
60,415,1,0,0,205.9,97,35.0,277.4,117,23.58,202.0,139,9.09,11.0,2,2.97,0,1,0.9949156,YES
103,415,0,0,0,185.0,117,31.45,223.3,94,18.98,222.8,91,10.03,12.6,2,3.4,2,0,0.0010605202,NO
48,408,0,0,0,275.2,67,46.78,180.2,108,15.32,159.0,110,7.15,7.9,2,2.13,1,0,0.01580166,NO
45,415,0,0,0,78.2,127,13.29,253.4,108,21.54,255.0,100,11.48,18.0,3,4.86,1,0,0.007321552,NO
119,510,1,1,22,172.1,119,29.26,223.6,133,19.01,150.0,94,6.75,13.9,20,3.75,1,1,0.9997563,YES
81,415,0,0,0,183.6,116,31.21,152.6,98,12.97,212.2,99,9.55,12.2,6,3.29,3,0,0.00041822498,NO
71,510,0,0,0,185.0,84,31.45,232.5,129,19.76,191.1,82,8.6,14.9,4,4.02,3,0,0.0184901,NO
78,415,0,0,0,131.4,98,22.34,189.9,95,16.14,147.4,83,6.63,11.2,2,3.02,2,0,0.0038116938,NO
127,415,0,0,0,218.6,93,37.16,149.9,130,12.74,204.6,131,9.21,9.2,5,2.48,2,0,0.021878889,NO
108,415,0,0,0,221.8,105,37.71,108.2,107,9.2,207.1,87,9.32,12.1,3,3.27,2,0,0.010526921,NO
132,408,0,0,0,169.9,107,28.88,209.4,121,17.8,206.1,79,9.27,11.5,2,3.11,1,0,0.013578088,NO
115,408,0,0,0,147.9,109,25.14,228.4,117,19.41,299.7,90,13.49,9.6,9,2.59,3,0,0.004070099,NO
107,415,0,0,0,260.6,81,44.3,246.1,116,20.92,243.3,117,10.95,12.8,9,3.46,0,1,0.9763699,YES
96,415,0,1,23,183.1,88,31.13,147.4,89,12.53,350.2,108,15.76,11.3,7,3.05,1,0,0.00130937,NO
157,415,0,0,0,224.5,111,38.17,200.7,99,17.06,116.6,118,5.25,11.5,2,3.11,2,0,0.00675094,NO
120,415,0,0,0,150.6,85,25.6,119.0,128,10.12,232.9,123,10.48,6.4,2,1.73,1,0,0.000783696,NO
113,510,0,0,0,92.6,85,15.74,177.6,92,15.1,159.8,72,7.19,14.4,4,3.89,3,0,0.0037028892,NO
110,510,0,0,0,208.0,69,35.36,95.1,94,8.08,178.5,129,8.03,8.0,11,2.16,1,0,0.0012337004,NO
81,510,0,0,0,139.8,98,23.77,247.2,103,21.01,241.0,113,10.85,11.7,3,3.16,3,0,0.00396336,NO
118,415,0,1,24,118.1,83,20.08,109.6,72,9.32,245.5,73,11.05,16.9,2,4.56,1,0,0.0040063793,NO
53,415,0,1,32,131.2,63,22.3,227.4,125,19.33,178.9,105,8.05,12.8,2,3.46,2,0,0.0011960925,NO
96,408,0,1,26,145.8,108,24.79,192.2,89,16.34,165.1,96,7.43,9.9,2,2.67,1,0,0.004397949,NO
110,510,0,0,0,220.9,100,37.55,279.6,76,23.77,239.8,107,10.79,13.5,9,3.65,1,1,0.6596944,YES
97,408,0,1,32,90.0,87,15.3,276.3,113,23.49,185.2,107,8.33,8.6,6,2.32,2,1,0.0006007353,NO
111,415,0,0,0,226.3,82,38.47,178.9,101,15.21,181.5,90,8.17,8.9,4,2.4,0,0,0.023539003,NO
105,510,0,0,0,193.2,139,32.84,260.3,104,22.13,226.4,133,10.19,7.8,2,2.11,1,0,0.0070072613,NO
140,415,0,0,0,235.5,81,40.04,257.2,130,21.86,103.1,111,4.64,11.5,4,3.11,2,0,0.043889888,NO
46,408,0,0,0,196.7,85,33.44,205.9,74,17.5,216.6,112,9.75,11.2,5,3.02,3,0,0.008133852,NO
88,510,0,0,0,218.2,76,37.09,169.3,60,14.39,141.1,99,6.35,8.0,1,2.16,1,0,0.0013586287,NO
98,408,0,0,0,165.0,129,28.05,202.6,113,17.22,172.3,94,7.75,12.5,7,3.38,1,1,0.003383468,NO
105,408,0,0,0,181.9,70,30.92,233.5,83,19.85,194.6,80,8.76,8.1,9,2.19,1,0,0.00030152858,NO
55,415,0,1,37,197.5,89,33.58,228.7,141,19.44,313.4,121,14.1,19.7,2,5.32,1,0,0.33055562,NO
143,408,1,0,0,186.9,98,31.77,196.5,110,16.7,215.3,104,9.69,12.3,3,3.32,4,0,0.03701673,NO
95,415,0,0,0,69.4,79,11.8,190.8,109,16.22,219.9,102,9.9,8.9,5,2.4,0,0,0.0019738532,NO
80,408,0,0,0,209.9,74,35.68,195.1,77,16.58,208.2,119,9.37,8.8,4,2.38,2,0,0.037000317,NO
116,415,0,1,44,230.6,94,39.2,224.1,103,19.05,244.0,76,10.98,11.1,2,3.0,0,0,0.084242,NO
102,415,0,0,0,123.1,106,20.93,182.0,102,15.47,244.6,75,11.01,12.6,7,3.4,2,0,0.0043400303,NO
148,408,0,0,0,208.4,120,35.43,174.4,99,14.82,310.7,105,13.98,11.2,4,3.02,1,0,0.09912207,NO
128,408,0,0,0,125.2,99,21.28,205.4,107,17.46,254.4,111,11.45,18.9,2,5.1,0,0,0.023820328,NO
141,415,0,0,0,151.5,104,25.76,242.2,114,20.59,304.2,109,13.69,10.8,2,2.92,1,0,0.005838283,NO
110,408,0,0,0,196.1,103,33.34,199.7,123,16.97,135.9,71,6.12,12.9,1,3.48,3,0,0.0014178054,NO
113,415,0,0,0,187.6,97,31.89,208.2,118,17.7,158.9,101,7.15,8.7,6,2.35,2,0,0.0026271823,NO
84,408,0,0,0,86.0,83,14.62,260.7,86,22.16,98.6,109,4.44,8.9,4,2.4,1,0,0.00024995502,NO
143,510,0,0,0,194.3,99,33.03,123.6,133,10.51,229.5,99,10.33,10.2,2,2.75,2,0,0.0029125605,NO
125,408,0,0,0,126.7,108,21.54,206.0,90,17.51,247.8,114,11.15,13.3,7,3.59,1,0,0.0058119553,NO
76,408,0,0,0,173.2,93,29.44,131.2,80,11.15,170.9,104,7.69,5.4,3,1.46,0,0,0.0012383708,NO
77,510,0,1,28,135.9,117,23.1,244.5,102,20.78,207.5,74,9.34,11.5,3,3.11,4,1,0.6271911,YES
82,510,0,0,0,143.9,61,24.46,194.9,105,16.57,109.6,94,4.93,11.1,2,3.0,1,0,0.0007689946,NO
167,415,1,0,0,143.7,108,24.43,75.6,111,6.43,217.9,99,9.81,9.9,4,2.67,0,0,0.00068418274,NO
132,408,0,0,0,222.4,85,37.81,165.4,76,14.06,208.4,97,9.38,11.2,4,3.02,0,0,0.042302225,NO
92,415,1,0,0,255.8,125,43.49,142.7,111,12.13,181.2,101,8.15,11.7,3,3.16,0,0,0.022374865,NO
69,415,0,0,0,227.0,122,38.59,258.7,111,21.99,169.7,87,7.64,8.9,1,2.4,2,0,0.43897405,NO
112,415,0,0,0,115.9,81,19.7,199.7,100,16.97,249.3,111,11.22,10.0,4,2.7,1,0,0.0049331984,NO
69,415,0,0,0,244.8,76,41.62,77.2,100,6.56,222.8,102,10.03,10.0,3,2.7,0,0,0.011875207,NO
24,408,0,0,0,265.6,86,45.15,208.8,102,17.75,182.5,105,8.21,11.1,6,3.0,2,1,0.9862386,YES
93,408,0,0,0,164.5,95,27.97,230.9,87,19.63,149.9,91,6.75,9.9,3,2.67,4,0,0.13680834,NO
136,510,0,0,0,240.1,121,40.82,271.2,123,23.05,132.7,98,5.97,17.2,4,4.64,0,1,0.96426225,YES
125,408,0,0,0,106.1,95,18.04,157.6,113,13.4,192.5,69,8.66,8.1,3,2.19,1,0,0.008095059,NO
131,408,0,0,0,94.4,80,16.05,215.1,101,18.28,179.7,108,8.09,13.1,9,3.54,2,0,0.04644578,NO
111,415,0,1,36,96.8,123,16.46,170.6,105,14.5,166.0,85,7.47,13.4,4,3.62,2,0,0.005707555,NO
115,415,0,0,0,206.2,113,35.05,176.4,102,14.99,297.1,119,13.37,11.0,7,2.97,1,0,0.020920172,NO
135,510,0,0,0,204.1,116,34.7,150.2,74,12.77,108.1,154,4.86,8.1,1,2.19,2,0,0.00084328244,NO
145,408,0,1,31,216.0,94,36.72,225.1,123,19.13,234.7,109,10.56,10.7,1,2.89,2,0,0.008630891,NO
91,415,0,0,0,93.5,110,15.9,213.3,79,18.13,171.7,83,7.73,8.9,4,2.4,4,1,0.99781895,YES
174,408,0,0,0,139.4,96,23.7,143.4,108,12.19,225.2,107,10.13,10.0,5,2.7,2,0,0.0014138597,NO
107,510,0,1,28,201.8,79,34.31,304.9,128,25.92,225.6,133,10.15,11.9,8,3.21,1,0,0.0055568954,NO
123,510,0,0,0,222.4,90,37.81,286.3,104,24.34,300.8,95,13.54,9.9,3,2.67,2,1,0.9965815,YES
131,415,0,0,0,131.6,95,22.37,179.3,109,15.24,251.2,129,11.3,15.5,3,4.19,1,1,0.02085978,NO
137,510,0,0,0,97.5,95,16.58,195.8,82,16.64,288.8,78,13.0,0.0,0,0.0,1,0,0.00019819762,NO
73,510,0,1,6,237.6,105,40.39,244.9,98,20.82,188.3,107,8.47,6.8,11,1.84,4,0,0.00024752677,NO
86,510,0,1,29,157.2,118,26.72,196.3,136,16.69,226.7,109,10.2,8.4,5,2.27,3,0,0.0057685515,NO
68,408,0,0,0,219.6,97,37.33,141.1,144,11.99,205.7,101,9.26,10.8,4,2.92,2,0,0.0037475314,NO
136,415,0,1,21,179.4,88,30.5,181.1,97,15.39,320.7,120,14.43,9.5,4,2.57,2,0,0.0039526187,NO
106,415,0,0,0,158.6,112,26.96,220.0,114,18.7,252.9,106,11.38,9.1,3,2.46,0,0,0.022764778,NO
18,510,0,0,0,180.2,115,30.63,83.4,114,7.09,245.3,111,11.04,11.9,6,3.21,1,0,0.00037992003,NO
148,415,0,1,11,252.9,129,42.99,284.3,88,24.17,262.8,99,11.83,12.3,1,3.32,1,0,0.017971141,NO
136,415,0,0,0,110.2,92,18.73,219.4,109,18.65,188.1,67,8.46,12.3,4,3.32,2,0,0.0038237046,NO
76,415,0,0,0,143.7,55,24.43,173.1,108,14.71,239.1,95,10.76,5.8,6,1.57,1,0,0.0009827919,NO
130,415,0,1,45,174.5,120,29.67,217.5,95,18.49,220.3,67,9.91,12.2,2,3.29,1,0,0.11084511,NO
85,408,0,0,0,127.9,107,21.74,271.2,124,23.05,202.2,76,9.1,12.5,5,3.38,0,0,0.0016383827,NO
120,415,0,0,0,79.2,123,13.46,212.1,106,18.03,224.6,104,10.11,10.2,4,2.75,3,0,0.03994502,NO
83,510,0,1,33,228.2,85,38.79,249.2,114,21.18,93.5,89,4.21,10.2,7,2.75,0,0,0.00092248863,NO
135,415,0,1,22,197.1,113,33.51,259.4,95,22.05,134.7,135,6.06,14.6,5,3.94,2,0,0.13218156,NO
143,510,0,0,0,202.8,109,34.48,165.8,104,14.09,143.9,71,6.48,4.6,4,1.24,1,0,0.009061526,NO
97,408,0,1,32,168.4,129,28.63,225.9,97,19.2,191.8,95,8.63,8.5,7,2.3,0,0,0.008519141,NO
98,415,0,0,0,217.2,121,36.92,303.4,73,25.79,197.1,71,8.87,12.4,2,3.35,0,1,0.21284863,NO
145,408,0,0,0,241.7,137,41.09,135.8,100,11.54,277.6,123,12.49,13.1,3,3.54,0,0,0.008491953,NO
117,510,0,0,0,180.6,134,30.7,216.6,96,18.41,101.0,122,4.55,10.6,6,2.86,4,1,0.1203561,NO
190,408,0,0,0,182.2,101,30.97,212.3,95,18.05,233.0,123,10.49,9.3,4,2.51,2,0,0.013063319,NO
155,408,1,0,0,250.8,146,42.64,152.5,105,12.96,148.1,104,6.66,10.0,5,2.7,2,0,0.012565458,NO
161,510,1,0,0,194.2,106,33.01,249.4,105,21.2,254.9,129,11.47,12.9,1,3.48,1,1,0.99979633,YES
97,415,1,0,0,143.7,117,24.43,273.0,82,23.21,178.3,81,8.02,10.9,3,2.94,0,0,0.008005323,NO
119,510,0,0,0,154.5,129,26.27,193.6,87,16.46,180.9,145,8.14,13.4,3,3.62,2,0,0.0054631466,NO
73,415,0,0,0,198.3,94,33.71,279.3,101,23.74,146.2,87,6.58,14.8,8,4.0,3,0,0.0057723457,NO
77,415,0,0,0,205.3,69,34.9,171.0,84,14.54,242.4,96,10.91,10.1,2,2.73,3,0,0.008987616,NO
119,415,0,0,0,209.4,125,35.6,286.3,91,24.34,208.6,73,9.39,8.1,4,2.19,2,0,0.7965631,YES
90,415,0,0,0,203.4,146,34.58,226.7,117,19.27,152.4,105,6.86,7.3,4,1.97,1,0,0.06182557,NO
115,415,0,0,0,135.4,104,23.02,138.8,91,11.8,208.5,92,9.38,5.4,3,1.46,1,0,0.0011039085,NO
90,408,1,0,0,127.2,94,21.62,221.1,108,18.79,110.7,106,4.98,11.2,3,3.02,2,0,0.0008276444,NO
160,415,0,0,0,85.8,77,14.59,165.3,110,14.05,178.5,92,8.03,9.2,4,2.48,3,0,0.0062456024,NO
123,415,0,0,0,166.9,98,28.37,221.8,77,18.85,243.9,114,10.98,12.8,4,3.46,3,0,0.04924787,NO
49,415,0,0,0,171.5,86,29.16,188.8,85,16.05,155.1,82,6.98,8.5,2,2.3,2,0,0.0028164324,NO
141,408,0,0,0,264.3,90,44.93,216.4,101,18.39,208.8,72,9.4,9.6,3,2.59,0,1,0.9941409,YES
75,510,0,1,46,214.1,62,36.4,200.9,111,17.08,246.8,126,11.11,9.2,6,2.48,0,0,0.025515927,NO
125,415,0,0,0,126.7,113,21.54,155.5,131,13.22,206.2,112,9.28,14.4,7,3.89,2,0,0.00230802,NO
101,415,0,0,0,231.3,87,39.32,224.7,88,19.1,214.6,69,9.66,7.2,7,1.94,1,0,0.005491938,NO
155,408,0,1,21,195.9,91,33.3,213.9,84,18.18,88.2,111,3.97,8.6,4,2.32,0,0,0.0014460847,NO
100,415,0,0,0,160.3,138,27.25,221.3,92,18.81,150.4,120,6.77,11.2,2,3.02,0,0,0.0021671278,NO
163,415,0,0,0,122.4,129,20.81,113.4,108,9.64,180.2,97,8.11,12.5,7,3.38,1,0,0.030365303,NO
112,415,0,0,0,335.5,77,57.04,212.5,109,18.06,265.0,132,11.93,12.7,8,3.43,2,1,0.9999206,YES
18,408,0,0,0,273.6,93,46.51,114.6,116,9.74,250.6,120,11.28,8.2,4,2.21,1,0,0.0011216267,NO
179,415,1,1,38,220.1,78,37.42,234.3,71,19.92,237.3,85,10.68,10.1,4,2.73,4,0,0.3900366,NO
57,415,0,0,0,214.0,100,36.38,209.9,80,17.84,105.1,112,4.73,11.3,1,3.05,0,0,0.011492624,NO
39,408,0,0,0,93.3,83,15.86,199.6,114,16.97,206.2,104,9.28,6.5,4,1.76,0,0,0.00864004,NO
77,510,0,0,0,67.7,68,11.51,195.7,86,16.63,236.5,137,10.64,12.0,2,3.24,1,0,0.00021034147,NO
115,415,0,0,0,245.2,105,41.68,159.0,109,13.52,229.9,74,10.35,7.2,8,1.94,0,0,0.0016363608,NO
117,415,0,0,0,198.5,75,33.75,179.8,92,15.28,234.1,119,10.53,10.6,6,2.86,0,0,0.04014642,NO
99,415,0,0,0,200.0,66,34.0,107.9,104,9.17,233.7,82,10.52,11.4,2,3.08,3,0,0.0129085835,NO
87,510,1,0,0,207.8,113,35.33,182.2,129,15.49,163.4,98,7.35,13.0,3,3.51,1,0,0.0021418638,NO
124,415,0,0,0,254.3,113,43.23,78.9,104,6.71,153.2,69,6.89,11.8,2,3.19,2,0,0.00112979,NO
123,510,0,0,0,194.0,118,32.98,242.0,114,20.57,146.3,108,6.58,12.1,4,3.27,1,0,0.02720337,NO
153,510,0,0,0,195.4,107,33.22,154.6,96,13.14,142.8,97,6.43,11.6,6,3.13,1,0,0.016255524,NO
106,415,0,0,0,155.9,90,26.5,198.0,101,16.83,189.1,95,8.51,8.0,2,2.16,2,0,0.0009243239,NO
85,415,1,0,0,197.2,97,33.52,211.7,115,17.99,210.1,133,9.45,8.3,4,2.24,4,0,0.04099874,NO
48,510,0,0,0,176.9,110,30.07,274.3,114,23.32,115.3,125,5.19,11.0,2,2.97,1,0,0.001064984,NO
60,415,1,0,0,183.0,110,31.11,206.7,93,17.57,203.8,119,9.17,11.1,6,3.0,1,0,0.005754362,NO
81,408,0,0,0,115.3,99,19.6,224.7,117,19.1,152.5,98,6.86,18.0,2,4.86,1,0,0.006432892,NO
120,415,0,1,24,227.5,81,38.68,234.9,71,19.97,166.4,128,7.49,9.0,13,2.43,1,0,0.0021724096,NO
189,415,0,0,0,208.3,106,35.41,236.7,123,20.12,179.1,120,8.06,11.3,5,3.05,3,0,0.0052356543,NO
60,415,1,0,0,97.2,91,16.52,243.7,93,20.71,235.0,116,10.58,10.1,2,2.73,1,1,0.99863726,YES
127,510,0,0,0,134.9,79,22.93,221.5,114,18.83,113.8,118,5.12,15.0,2,4.05,1,0,0.02693313,NO
53,415,0,0,0,119.7,113,20.35,189.7,84,16.12,256.2,108,11.53,12.9,7,3.48,2,0,0.0023936706,NO
16,510,0,0,0,144.8,84,24.62,164.9,141,14.02,231.5,75,10.42,8.2,4,2.21,2,0,0.019344367,NO
98,415,1,0,0,12.5,67,2.13,256.6,90,21.81,169.4,88,7.62,7.7,9,2.08,1,0,0.00023162569,NO
116,510,0,0,0,160.7,69,27.32,146.8,106,12.48,287.8,144,12.95,8.2,5,2.21,0,0,0.0035942346,NO
124,408,1,0,0,244.6,89,41.58,188.8,80,16.05,206.0,114,9.27,11.3,4,3.05,1,0,0.04783091,NO
153,510,0,0,0,159.5,103,27.12,275.5,90,23.42,176.7,126,7.95,10.1,2,2.73,1,1,0.0061804974,NO
59,408,0,0,0,145.8,95,24.79,228.3,81,19.41,247.5,87,11.14,9.6,5,2.59,0,0,0.0023758137,NO
224,510,0,0,0,111.4,133,18.94,175.0,66,14.88,217.2,106,9.77,5.5,6,1.49,3,0,0.0015502372,NO
72,415,0,0,0,190.7,111,32.42,241.6,103,20.54,278.1,95,12.51,4.4,3,1.19,1,0,0.0060819997,NO
73,415,1,1,34,252.9,103,42.99,220.1,79,18.71,144.9,65,6.52,11.4,3,3.08,0,0,0.089532815,NO
88,415,0,0,0,202.2,86,34.37,216.8,93,18.43,239.4,99,10.77,11.8,2,3.19,2,0,0.0060093324,NO
13,415,0,0,0,143.1,139,24.33,239.6,88,20.37,221.7,123,9.98,7.1,5,1.92,2,0,0.0036458396,NO
92,415,0,0,0,184.7,60,31.4,262.0,73,22.27,239.5,120,10.78,12.3,6,3.32,2,1,0.0012702491,NO
106,415,0,0,0,207.9,91,35.34,172.0,109,14.62,191.8,143,8.63,14.4,7,3.89,4,0,5.9421396e-05,NO
101,415,0,1,28,220.3,96,37.45,285.8,72,24.29,203.0,111,9.14,9.4,6,2.54,4,0,0.0041199145,NO
89,408,0,0,0,234.8,95,39.92,109.7,87,9.32,180.3,99,8.11,10.4,2,2.81,0,0,0.008730982,NO
116,510,0,0,0,189.5,90,32.22,189.8,118,16.13,205.8,83,9.26,13.1,2,3.54,1,0,0.0106508825,NO
163,510,0,0,0,178.7,56,30.38,215.7,79,18.33,152.7,84,6.87,10.6,2,2.86,4,0,0.42154694,NO
7,510,0,1,33,211.8,99,36.01,170.9,110,14.53,244.2,125,10.99,11.2,4,3.02,2,0,0.015161064,NO
111,510,0,0,0,176.9,128,30.07,102.8,56,8.74,213.7,84,9.62,10.5,2,2.84,4,1,0.841428,YES
115,408,0,0,0,254.8,97,43.32,153.5,110,13.05,217.6,117,9.79,9.0,4,2.43,1,0,0.005763164,NO
107,415,0,0,0,167.3,100,28.44,163.9,79,13.93,185.9,100,8.37,6.7,5,1.81,2,0,0.0020049433,NO
86,415,0,0,0,128.3,121,21.81,197.1,93,16.75,138.4,152,6.23,12.2,5,3.29,7,1,0.9974573,YES
49,415,0,1,20,205.9,109,35.0,298.4,105,25.36,142.1,91,6.39,12.3,3,3.32,4,0,0.00020897172,NO
101,415,0,1,29,121.1,116,20.59,186.4,100,15.84,241.7,75,10.88,10.1,6,2.73,0,0,0.010516798,NO
100,415,0,1,38,177.1,88,30.11,163.7,108,13.91,242.7,72,10.92,7.4,2,2.0,0,0,0.0010508742,NO
55,408,1,0,0,221.0,115,37.57,165.4,97,14.06,235.4,117,10.59,9.7,4,2.62,1,0,0.006868925,NO
147,415,1,1,24,219.9,118,37.38,208.5,116,17.72,352.5,111,15.86,8.1,4,2.19,3,0,0.0011322313,NO
94,510,1,0,0,243.2,109,41.34,147.0,88,12.5,94.9,99,4.27,7.2,4,1.94,4,0,0.53178704,YES
108,415,0,0,0,239.3,102,40.68,223.4,127,18.99,251.4,104,11.31,10.6,6,2.86,0,0,0.27891368,NO
152,415,0,0,0,206.3,98,35.07,292.8,82,24.89,43.7,121,1.97,10.6,4,2.86,1,0,0.0025337515,NO
130,510,0,1,26,257.2,108,43.72,224.3,122,19.07,204.0,118,9.18,12.6,4,3.4,1,0,0.070204444,NO
107,510,1,0,0,234.1,91,39.8,163.1,105,13.86,282.5,100,12.71,10.0,3,2.7,1,0,0.0013740066,NO
123,408,0,1,41,141.3,127,24.02,152.0,96,12.92,218.8,114,9.85,8.1,3,2.19,3,0,0.0058078985,NO
58,510,0,0,0,131.9,96,22.42,167.6,107,14.25,205.9,106,9.27,14.7,5,3.97,3,0,0.0032504715,NO
126,415,1,0,0,239.7,87,40.75,281.7,92,23.94,183.5,113,8.26,11.4,1,3.08,1,1,0.99998605,YES
84,415,0,1,42,214.3,112,36.43,188.2,107,16.0,333.5,117,15.01,11.3,10,3.05,0,0,0.004287253,NO
52,408,0,1,31,142.1,77,24.16,193.0,97,16.41,253.4,88,11.4,11.0,4,2.97,1,0,0.0022768301,NO
83,408,0,0,0,185.9,115,31.6,232.5,98,19.76,205.2,124,9.23,10.2,2,2.75,2,0,0.028286884,NO
117,408,0,1,14,80.2,81,13.63,219.0,103,18.62,122.6,102,5.52,8.6,2,2.32,1,0,0.0058006947,NO
21,510,0,0,0,197.6,105,33.59,206.4,88,17.54,169.6,143,7.63,9.6,2,2.59,3,0,0.0036063315,NO
70,510,0,0,0,59.5,103,10.12,257.2,106,21.86,208.3,86,9.37,11.1,6,3.0,0,0,0.003373725,NO
101,408,0,0,0,239.0,156,40.63,273.0,106,23.21,278.2,93,12.52,13.5,8,3.65,1,1,0.99228936,YES
58,415,1,1,43,142.8,96,24.28,272.3,100,23.15,193.4,105,8.7,8.9,4,2.4,1,0,0.00075295125,NO
70,408,0,0,0,208.7,97,35.48,275.5,83,23.42,182.5,122,8.21,8.0,3,2.16,2,0,0.04265271,NO
86,510,0,0,0,190.5,115,32.39,179.6,130,15.27,258.5,89,11.63,10.1,5,2.73,3,0,0.09726692,NO
91,510,0,0,0,149.0,115,25.33,245.3,105,20.85,260.0,94,11.7,8.3,3,2.24,0,0,0.024835335,NO
114,415,1,1,31,174.5,104,29.67,224.2,92,19.06,116.3,91,5.23,12.3,10,3.32,2,0,0.0022580568,NO
100,510,0,0,0,247.8,117,42.13,130.0,95,11.05,134.3,125,6.04,6.9,2,1.86,1,0,0.0008409899,NO
101,415,0,0,0,158.4,92,26.93,188.0,117,15.98,219.7,125,9.89,13.5,4,3.65,4,1,0.98611253,YES
147,408,1,1,35,157.5,109,26.78,189.6,67,16.12,227.0,76,10.22,11.1,2,3.0,3,1,0.9986872,YES
76,415,0,1,22,160.1,107,27.22,168.7,136,14.34,23.2,102,1.04,9.5,4,2.57,3,0,0.00065978436,NO
62,415,0,0,0,120.7,70,20.52,307.2,76,26.11,203.0,99,9.14,13.1,6,3.54,4,0,0.9455231,YES
170,415,0,0,0,285.7,44,48.57,167.5,144,14.24,260.0,97,11.7,8.7,4,2.35,1,1,0.99941516,YES
148,408,0,0,0,17.6,121,2.99,161.7,125,13.74,203.1,82,9.14,10.6,6,2.86,1,0,0.040190134,NO
109,408,0,1,40,99.7,116,16.95,140.3,117,11.93,221.3,76,9.96,13.9,5,3.75,3,0,0.021275599,NO
97,510,0,0,0,211.0,76,35.87,189.0,100,16.07,123.0,102,5.54,4.7,4,1.27,3,0,0.003697665,NO
91,408,0,1,31,273.0,78,46.41,215.5,98,18.32,104.7,114,4.71,9.6,2,2.59,1,0,0.00038018977,NO
105,415,0,0,0,259.3,96,44.08,175.2,97,14.89,222.4,36,10.01,12.0,5,3.24,3,0,0.10982042,NO
159,408,1,0,0,257.1,53,43.71,312.2,127,26.54,183.0,82,8.24,8.8,6,2.38,1,1,0.9988715,YES
72,408,0,0,0,147.0,79,24.99,162.3,103,13.8,162.9,80,7.33,10.5,4,2.84,1,0,0.005173991,NO
7,415,0,0,0,206.7,87,35.14,281.1,83,23.89,158.5,77,7.13,11.0,5,2.97,3,0,0.003509028,NO
153,415,0,0,0,202.2,132,34.37,158.9,78,13.51,111.4,98,5.01,8.6,4,2.32,2,0,0.016533364,NO
86,510,0,0,0,124.1,82,21.1,202.6,120,17.22,289.6,119,13.03,6.7,8,1.81,3,0,0.012071372,NO
6,408,0,0,0,226.5,93,38.51,152.1,122,12.93,164.4,98,7.4,9.4,4,2.54,3,0,0.0035494165,NO
87,408,0,1,28,143.5,106,24.4,223.5,147,19.0,175.4,69,7.89,11.2,5,3.02,0,0,0.00042352083,NO
60,408,0,0,0,162.8,117,27.68,163.2,121,13.87,242.4,140,10.91,14.2,2,3.83,1,0,0.00024953092,NO
106,510,1,0,0,204.0,84,34.68,168.5,61,14.32,164.0,102,7.38,13.3,3,3.59,3,1,0.99387383,YES
91,415,0,0,0,189.3,100,32.18,239.3,107,20.34,89.7,89,4.04,9.9,3,2.67,3,0,0.0012020837,NO
101,415,0,0,0,253.2,89,43.04,237.9,114,20.22,154.3,85,6.94,9.7,7,2.62,4,0,0.008727042,NO
94,415,0,0,0,142.3,50,24.19,231.5,142,19.68,205.6,79,9.25,5.5,3,1.49,1,0,0.00036002774,NO
108,510,0,0,0,293.0,88,49.81,160.6,101,13.65,143.9,87,6.48,10.0,6,2.7,2,0,0.606266,YES
93,408,0,0,0,179.3,93,30.48,188.8,65,16.05,253.2,88,11.39,12.1,5,3.27,1,0,0.0016191879,NO
62,510,0,0,0,159.9,100,27.18,172.2,99,14.64,263.2,109,11.84,5.6,4,1.51,1,0,0.016842244,NO
99,408,0,0,0,135.7,107,23.07,208.4,103,17.71,209.0,95,9.4,8.8,3,2.38,7,1,0.99689263,YES
103,415,0,0,0,129.3,103,21.98,202.8,89,17.24,233.0,126,10.49,12.9,2,3.48,2,0,0.004013035,NO
128,510,0,1,40,272.2,112,46.27,239.9,111,20.39,257.3,124,11.58,11.6,2,3.13,1,0,0.0129295625,NO
141,415,0,1,32,322.4,92,54.81,283.2,107,24.07,209.5,111,9.43,6.7,3,1.81,1,1,0.02486834,NO
91,510,1,1,24,93.5,112,15.9,183.4,128,15.59,240.7,133,10.83,9.9,3,2.67,0,0,0.0025117167,NO
80,510,0,0,0,101.1,121,17.19,263.2,110,22.37,137.7,74,6.2,7.3,5,1.97,0,0,0.0065286974,NO
78,415,0,0,0,208.9,119,35.51,252.4,132,21.45,280.2,120,12.61,12.8,7,3.46,0,0,0.5982659,YES
99,415,0,0,0,124.6,90,21.18,146.4,70,12.44,169.4,95,7.62,10.5,6,2.84,1,0,0.0148451915,NO
75,510,0,1,38,163.6,132,27.81,146.7,113,12.47,345.8,115,15.56,13.1,3,3.54,3,0,0.00054631813,NO
76,408,0,0,0,203.6,61,34.61,161.7,127,13.74,175.9,97,7.92,8.4,3,2.27,0,0,0.0011633482,NO
137,510,0,0,0,203.1,97,34.53,132.0,76,11.22,250.9,94,11.29,9.2,4,2.48,4,0,0.09874852,NO
100,415,0,1,31,67.7,67,11.51,147.1,116,12.5,288.3,103,12.97,12.3,2,3.32,6,1,0.9909123,YES
139,510,0,0,0,236.6,109,40.22,169.9,107,14.44,212.3,118,9.55,11.1,2,3.0,1,1,0.008214824,NO
123,408,0,0,0,260.9,85,44.35,168.5,103,14.32,178.3,91,8.02,13.3,5,3.59,3,0,0.0070447302,NO
47,415,0,1,28,172.9,109,29.39,137.6,94,11.7,203.8,109,9.17,8.3,6,2.24,1,0,0.024040343,NO
